-- MySQL dump 10.13  Distrib 5.7.27, for Linux (x86_64)
--
-- Host: localhost    Database: queenok
-- ------------------------------------------------------
-- Server version	5.7.27-0ubuntu0.18.04.1

/*!40101 SET @OLD_CHARACTER_SET_CLIENT=@@CHARACTER_SET_CLIENT */;
/*!40101 SET @OLD_CHARACTER_SET_RESULTS=@@CHARACTER_SET_RESULTS */;
/*!40101 SET @OLD_COLLATION_CONNECTION=@@COLLATION_CONNECTION */;
/*!40101 SET NAMES utf8 */;
/*!40103 SET @OLD_TIME_ZONE=@@TIME_ZONE */;
/*!40103 SET TIME_ZONE='+00:00' */;
/*!40014 SET @OLD_UNIQUE_CHECKS=@@UNIQUE_CHECKS, UNIQUE_CHECKS=0 */;
/*!40014 SET @OLD_FOREIGN_KEY_CHECKS=@@FOREIGN_KEY_CHECKS, FOREIGN_KEY_CHECKS=0 */;
/*!40101 SET @OLD_SQL_MODE=@@SQL_MODE, SQL_MODE='NO_AUTO_VALUE_ON_ZERO' */;
/*!40111 SET @OLD_SQL_NOTES=@@SQL_NOTES, SQL_NOTES=0 */;

--
-- Table structure for table `Address`
--

DROP TABLE IF EXISTS `Address`;
/*!40101 SET @saved_cs_client     = @@character_set_client */;
/*!40101 SET character_set_client = utf8 */;
CREATE TABLE `Address` (
  `code` varchar(255) DEFAULT NULL,
  `district_id` int(11) NOT NULL,
  `district_name` varchar(255) NOT NULL,
  `province_id` int(11) NOT NULL,
  `province_name` varchar(255) NOT NULL
) ENGINE=InnoDB DEFAULT CHARSET=utf8;
/*!40101 SET character_set_client = @saved_cs_client */;

--
-- Dumping data for table `Address`
--

LOCK TABLES `Address` WRITE;
/*!40000 ALTER TABLE `Address` DISABLE KEYS */;
INSERT INTO `Address` VALUES ('0212',1454,'Quận 12',202,'Hồ Chí Minh'),('0211',1453,'Quận 11',202,'Hồ Chí Minh'),('0210',1452,'Quận 10',202,'Hồ Chí Minh'),('0209',1451,'Quận 9',202,'Hồ Chí Minh'),('0208',1450,'Quận 8',202,'Hồ Chí Minh'),('0207',1449,'Quận 7',202,'Hồ Chí Minh'),('0206',1448,'Quận 6',202,'Hồ Chí Minh'),('0205',1447,'Quận 5',202,'Hồ Chí Minh'),('0204',1446,'Quận 4',202,'Hồ Chí Minh'),('0203',1444,'Quận 3',202,'Hồ Chí Minh'),('0202',1443,'Quận 2',202,'Hồ Chí Minh'),('0201',1442,'Quận 1',202,'Hồ Chí Minh'),('',1535,'Hà Nội',201,'Hà Nội'),('5111',1750,'Huyện Thoại Sơn',217,'An Giang'),('5107',1751,'Huyện Tri Tôn',217,'An Giang'),('5106',1752,'Huyện Tịnh Biên',217,'An Giang'),('5103',1754,'Huyện An Phú',217,'An Giang'),('5105',1756,'Huyện Phú Tân',217,'An Giang'),('5407',1832,'Huyện Giồng Riềng',219,'Kiên Giang'),('5409',1833,'Huyện An Biên',219,'Kiên Giang'),('4205',1836,'Huyện Đơn Dương',209,'Lâm Đồng'),('2510',1840,'Huyện Hải Hậu',231,'Nam Định'),('2505',1841,'Huyện Ý Yên',231,'Nam Định'),('2913',1844,'Huyện Anh Sơn',235,'Nghệ An'),('2910',1845,'Huyện Tân Kỳ',235,'Nghệ An'),('2911',1846,'Huyện Yên Thành',235,'Nghệ An'),('2912',1847,'Huyện Diễn Châu',235,'Nghệ An'),('2905',1851,'Huyện Nghĩa Đàn',235,'Nghệ An'),('2904',1852,'Huyện Quỳ Hợp',235,'Nghệ An'),('2909',1853,'Huyện Con Cuông',235,'Nghệ An'),('2916',1854,'Huyện Nghi Lộc',235,'Nghệ An'),('3903',1856,'Thị Xã Sông Cầu',260,'Phú Yên'),('4602',1862,'Huyện Tân Biên',240,'Tây Ninh'),('4604',1864,'Huyện Dương Minh Châu',240,'Tây Ninh'),('4607',1865,'Huyện Bến Cầu',240,'Tây Ninh'),('2826',1870,'Huyện Tĩnh Gia',234,'Thanh Hóa'),('2808',1872,'Huyện Thường Xuân',234,'Thanh Hóa'),('2815',1873,'Huyện Thọ Xuân',234,'Thanh Hóa'),('2812',1874,'Huyện Ngọc Lặc',234,'Thanh Hóa'),('2806',1878,'Huyện Mường Lát',234,'Thanh Hóa'),('2804',1879,'Huyện Quan Hóa',234,'Thanh Hóa'),('2813',1880,'Huyện Thạch Thành',234,'Thanh Hóa'),('2816',1881,'Huyện Vĩnh Lộc',234,'Thanh Hóa'),('5108',1758,'Huyện Châu Phú',217,'An Giang'),('1808',1760,'Huyện Lạng Giang',248,'Bắc Giang'),('1804',1761,'Huyện Sơn Động',248,'Bắc Giang'),('1806',1762,'Huyện Tân Yên',248,'Bắc Giang'),('1810',1764,'Huyện Yên Dũng',248,'Bắc Giang'),('1802',1765,'Huyện Yên Thế',248,'Bắc Giang'),('3706',1770,'Huyện Phù Cát',262,'Bình Định'),('4303',1772,'Huyện Chơn Thành',239,'Bình Phước'),('4309',1773,'Huyện Hớn Quản',239,'Bình Phước'),('4705',1776,'Huyện Hàm Thuận Nam',258,'Bình Thuận'),('4707',1779,'Huyện Đức Linh',258,'Bình Thuận'),('6102',1782,'Huyện Thới Bình',252,'Cà Mau'),('6108',1783,'Huyện Năm Căn',252,'Cà Mau'),('4013',1784,'Huyện Buôn Ðôn',210,'Đắk Lắk'),('4006',1785,'Huyện Cư M gar',210,'Đắk Lắk'),('4002',1786,'Huyện Ea H leo',210,'Đắk Lắk'),('4004',1787,'Huyện Krông Năng',210,'Đắk Lắk'),('4011',1789,'Huyện Krông Bông',210,'Đắk Lắk'),('6302',1790,'Huyện Đắk R lấp',241,'Đắk Nông'),('6303',1792,'Huyện Đắk Mil',241,'Đắk Nông'),('3812',1793,'Huyện Ia Grai',207,'Gia Lai'),('3808',1795,'Huyện Chư Prông',207,'Gia Lai'),('3816',1797,'Huyện Phú Thiện',207,'Gia Lai'),('3802',1801,'Huyện Chư Păh',207,'Gia Lai'),('2402',1802,'Huyện Duy Tiên',232,'Hà Nam'),('3010',1811,'Huyện Kỳ Anh',236,'Hà Tĩnh'),('3007',1812,'Huyện Hương Khê',236,'Hà Tĩnh'),('3005',1813,'Huyện Nghi Xuân',236,'Hà Tĩnh'),('3009',1815,'Huyện Cẩm Xuyên',236,'Hà Tĩnh'),('2112',1816,'Huyện Bình Giang',225,'Hải Dương'),('2109',1817,'Huyện Cẩm Giàng',225,'Hải Dương'),('2104',1818,'Huyện Kinh Môn',225,'Hải Dương'),('6404',1824,'Huyện Phụng Hiệp',250,'Hậu Giang'),('2204',1826,'Huyện Khoái Châu',268,'Hưng Yên'),('4102',1829,'Huyện Vạn Ninh',208,'Khánh Hòa'),('5404',1830,'Huyện Hòn Đất',219,'Kiên Giang'),('0214',1455,'Quận Tân Bình',202,'Hồ Chí Minh'),('0215',1456,'Quận Tân Phú',202,'Hồ Chí Minh'),('0217',1457,'Quận Phú Nhuận',202,'Hồ Chí Minh'),('0219',1458,'Quận Bình Tân',202,'Hồ Chí Minh'),('0222',1459,'Huyện Hóc Môn',202,'Hồ Chí Minh'),('0221',1460,'Huyện Củ Chi',202,'Hồ Chí Minh'),('0213',1461,'Quận Gò Vấp',202,'Hồ Chí Minh'),('0216',1462,'Quận Bình Thạnh',202,'Hồ Chí Minh'),('0218',1463,'Quận Thủ Đức',202,'Hồ Chí Minh'),('4801',1536,'Thành phố Biên Hòa',204,'Đồng Nai'),('4401',1538,'Thành phố Thủ Dầu Một',205,'Bình Dương'),('4405',1540,'Thị xã Dĩ An',205,'Bình Dương'),('4404',1541,'Thị xã Thuận An',205,'Bình Dương'),('1B15',1542,'Quận Hà Đông',201,'Hà Nội'),('5201',1544,'Thành phố Vũng Tàu',206,'Bà Rịa - Vũng Tàu'),('4101',1548,'Thành phố Nha Trang',208,'Khánh Hòa'),('4201',1550,'Thành phố Đà Lạt',209,'Lâm Đồng'),('0110',1482,'Quận Bắc Từ Liêm',201,'Hà Nội'),('4001',1552,'Thành phố Buôn Ma Thuột',210,'Đắk Lắk'),('1A01',1484,'Quận Ba Đình',201,'Hà Nội'),('1A06',1485,'Quận Cầu Giấy',201,'Hà Nội'),('1A04',1486,'Quận Đống Đa',201,'Hà Nội'),('1A03',1488,'Quận Hai Bà Trưng',201,'Hà Nội'),('1A02',1489,'Quận Hoàn Kiếm',201,'Hà Nội'),('1A08',1490,'Quận Hoàng Mai',201,'Hà Nội'),('1A09',1491,'Quận Long Biên',201,'Hà Nội'),('1A05',1492,'Quận Tây Hồ',201,'Hà Nội'),('1A07',1493,'Quận Thanh Xuân',201,'Hà Nội'),('4901',1554,'Thành phố Tân An',211,'Long An'),('0401',1526,'Quận Hải Châu',203,'Đà Nẵng'),('0402',1527,'Quận Thanh Khê',203,'Đà Nẵng'),('0403',1528,'Quận Sơn Trà',203,'Đà Nẵng'),('0404',1529,'Quận Ngũ Hành Sơn',203,'Đà Nẵng'),('0405',1530,'Quận Liên Chiểu',203,'Đà Nẵng'),('0407',1531,'Quận Cẩm Lệ',203,'Đà Nẵng'),('0220',1533,'Huyện Bình Chánh',202,'Hồ Chí Minh'),('0223',1534,'Huyện Nhà Bè',202,'Hồ Chí Minh'),('5301',1556,'Thành phố Mỹ Tho',212,'Tiền Giang'),('5601',1558,'Thành phố Bến Tre',213,'Bến Tre'),('5801',1560,'Thành phố Trà Vinh',214,'Trà Vinh'),('5701',1562,'Thành phố Vĩnh Long',215,'Vĩnh Long'),('5001',1564,'Thành phố Cao Lãnh',216,'Đồng Tháp'),('76',1565,'An Giang',217,'An Giang'),('5101',1566,'Thành phố Long Xuyên',217,'An Giang'),('5901',1568,'Thành phố Sóc Trăng',218,'Sóc Trăng'),('5401',1570,'Thành phố Rạch Giá',219,'Kiên Giang'),('5502',1573,'Quận Bình Thủy',220,'Cần Thơ'),('5504',1575,'Quận Ô Môn',220,'Cần Thơ'),('5508',1576,'Quận Thốt Nốt',220,'Cần Thơ'),('1601',1578,'Thành phố Vĩnh Yên',221,'Vĩnh Phúc'),('1B29',1581,'Huyện Mê Linh',201,'Hà Nội'),('1A13',1582,'Huyện Đông Anh',201,'Hà Nội'),('1A14',1583,'Huyện Sóc Sơn',201,'Hà Nội'),('3301',1585,'Thành phố Huế',223,'Thừa Thiên - Huế'),('31',1586,'Hải Phòng',224,'Hải Phòng'),('0305',1591,'Quận Hải An',224,'Hải Phòng'),('2501',1613,'Thành phố Nam Định',231,'Nam Định'),('2401',1614,'Thành phố Phủ Lý',232,'Hà Nam'),('2801',1616,'Thành phố Thanh Hóa',234,'Thanh Hóa'),('2901',1617,'Thành phố Vinh',235,'Nghệ An'),('3801',1546,'Thành phố Pleiku',207,'Gia Lai'),('3001',1618,'Thành phố Hà Tĩnh',236,'Hà Tĩnh'),('3101',1619,'Thành phố Đồng Hới',237,'Quảng Bình'),('3201',1620,'Thành phố Đông Hà',238,'Quảng Trị'),('3202',1621,'Thị xã Quảng Trị',238,'Quảng Trị'),('3501',1630,'Thành phố Quảng Ngãi',242,'Quảng Ngãi'),('3401',1631,'Thành phố Tam Kỳ',243,'Quảng Nam'),('3402',1632,'Thành phố Hội An',243,'Quảng Nam'),('1101',1640,'Thành phố Bắc Kạn',245,'Bắc Kạn'),('0601',1641,'Thành phố Cao Bằng',246,'Cao Bằng'),('1001',1642,'Thành phố Lạng Sơn',247,'Lạng Sơn'),('1901',1644,'Thành phố Bắc Ninh',249,'Bắc Ninh'),('112',1656,'Bình Thuận',258,'Bình Thuận'),('6101',1654,'Thành phố Cà Mau',252,'Cà Mau'),('4106',1664,'Thành phố Cam Ranh',208,'Khánh Hòa'),('1301',1674,'Thành phố Yên Bái',263,'Yên Bái'),('2301',1678,'Thành phố Hòa Bình',267,'Hòa Bình'),('2201',1680,'Thành phố Hưng Yên',268,'Hưng Yên'),('1702',1683,'Thành phố Cẩm Phả',230,'Quảng Ninh'),('0111',1685,'Phú Yên',260,'Phú Yên'),('1703',1686,'Thành phố Uông Bí',230,'Quảng Ninh'),('0406',1687,'Huyện Hòa Vang',203,'Đà Nẵng'),('5200',1688,'TT Phú Mỹ - cũ',206,'Bà Rịa - Vũng Tàu'),('4810',1691,'Huyện Trảng Bom',204,'Đồng Nai'),('4803',1693,'Huyện Tân Phú',204,'Đồng Nai'),('4403',1695,'Thị xã Tân Uyên',205,'Bình Dương'),('5206',1701,'Thị Xã Phú Mỹ',206,'Bà Rịa - Vũng Tàu'),('4811',1702,'Huyện Cẩm Mỹ',204,'Đồng Nai'),('1A12',1703,'Huyện Gia Lâm',201,'Hà Nội'),('4807',1704,'Huyện Xuân Lộc',204,'Đồng Nai'),('4805',1705,'Huyện Thống Nhất',204,'Đồng Nai'),('4809',1708,'Huyện Nhơn Trạch',204,'Đồng Nai'),('0306',1707,'Quận Đồ Sơn',224,'Hải Phòng'),('5207',1709,'Huyện Châu Đức',206,'Bà Rịa - Vũng Tàu'),('1A11',1710,'Huyện Thanh Trì',201,'Hà Nội'),('1B16',1711,'Thị xã Sơn Tây',201,'Hà Nội'),('2803',1712,'Thị xã Sầm Sơn',234,'Thanh Hóa'),('2702',1713,'Thị xã Tam Điệp',233,'Ninh Bình'),('2708',1714,'Huyện Yên Khánh',233,'Ninh Bình'),('2604',1715,'Huyện Đông Hưng',226,'Thái Bình'),('2605',1716,'Huyện Vũ Thư',226,'Thái Bình'),('2202',1717,'Huyện Kim Động',268,'Hưng Yên'),('5110',1718,'Huyện Châu Thành',217,'An Giang'),('4606',1721,'Huyện Hòa Thành',240,'Tây Ninh'),('4302',1722,'Huyện Đồng Phú',239,'Bình Phước'),('0309',1726,'Huyện Thủy Nguyên',224,'Hải Phòng'),('2103',1727,'Huyện Nam Sách',225,'Hải Dương'),('1903',1728,'Huyện Quế Võ',249,'Bắc Ninh'),('1904',1729,'Huyện Tiên Du',249,'Bắc Ninh'),('1905',1730,'Thị xã Từ Sơn',249,'Bắc Ninh'),('1207',1731,'Huyện Đồng Hỷ',244,'Thái Nguyên'),('1606',1732,'Huyện Bình Xuyên',221,'Vĩnh Phúc'),('1604',1733,'Huyện Vĩnh Tường',221,'Vĩnh Phúc'),('1605',1734,'Huyện Yên Lạc',221,'Vĩnh Phúc'),('3403',1735,'Huyện Duy Xuyên',243,'Quảng Nam'),('3404',1736,'Huyện Điện Bàn',243,'Quảng Nam'),('4104',1739,'Huyện Diên Khánh',208,'Khánh Hòa'),('5305',1740,'Huyện Châu Thành',212,'Tiền Giang'),('5306',1741,'Huyện Chợ Gạo',212,'Tiền Giang'),('5904',1743,'Huyện Mỹ Xuyên',218,'Sóc Trăng'),('4407',1746,'Huyện Dầu Tiếng',205,'Bình Dương'),('5102',1753,'Thành phố Châu Đốc',217,'An Giang'),('5104',1755,'Huyện Tân Châu',217,'An Giang'),('2101',1598,'Thành phố Hải Dương',225,'Hải Dương'),('02202',1580,'Quận Đặc Biệt',202,'Hồ Chí Minh'),('2601',1599,'Thành phố Thái Bình',226,'Thái Bình'),('0501',1600,'Thành phố Hà Giang',227,'Hà Giang'),('0901',1601,'Thành phố Tuyên Quang',228,'Tuyên Quang'),('1501',1602,'Thành phố Việt Trì',229,'Phú Thọ'),('1704',1603,'Thành phố Móng Cái',230,'Quảng Ninh'),('1701',1604,'Thành phố Hạ Long',230,'Quảng Ninh'),('0701',1675,'Thành phố Lai Châu',264,'Lai Châu'),('6201',1676,'Thành phố Điện Biên Phủ',265,'Điện Biên'),('1401',1677,'Thành phố Sơn La',266,'Sơn La'),('3305',1749,'Huyện Phú Vang',223,'Thừa Thiên - Huế'),('5405',1831,'Huyện Tân Hiệp',219,'Kiên Giang'),('3606',1834,'Huyện Kon Plông',259,'Kon Tum'),('3607',1835,'Huyện Đắk Hà',259,'Kon Tum'),('4203',1837,'Huyện Đức Trọng',209,'Lâm Đồng'),('4202',1838,'Thành phố Bảo Lộc',209,'Lâm Đồng'),('4211',1839,'Huyện Bảo Lâm',209,'Lâm Đồng'),('2902',1842,'Thị xã Cửa Lò',235,'Nghệ An'),('2914',1843,'Huyện Đô Lương',235,'Nghệ An'),('2906',1848,'Huyện Quỳnh Lưu',235,'Nghệ An'),('2921',1849,'Thị xã Hoàng Mai',235,'Nghệ An'),('2920',1850,'Thị xã Thái Hòa',235,'Nghệ An'),('4502',1855,'Huyện Ninh Sơn',261,'Ninh Thuận'),('3107',1857,'Huyện Lệ Thủy',237,'Quảng Bình'),('3105',1858,'Huyện Bố Trạch',237,'Quảng Bình'),('3108',1859,'Thị xã Ba Đồn',237,'Quảng Bình'),('3208',1860,'Huyện Hướng Hóa',238,'Quảng Trị'),('3203',1861,'Huyện Vĩnh Linh',238,'Quảng Trị'),('4603',1863,'Huyện Tân Châu',240,'Tây Ninh'),('4608',1866,'Huyện Gò Dầu',240,'Tây Ninh'),('2603',1867,'Huyện Hưng Hà',226,'Thái Bình'),('2602',1868,'Huyện Quỳnh Phụ',226,'Thái Bình'),('2608',1869,'Huyện Thái Thụy',226,'Thái Bình'),('2809',1871,'Huyện Như Xuân',234,'Thanh Hóa'),('2827',1875,'Huyện Yên Định',234,'Thanh Hóa'),('2802',1876,'Thị xã Bỉm Sơn',234,'Thanh Hóa'),('2821',1877,'Huyện Hà Trung',234,'Thanh Hóa'),('3307',1882,'Huyện Phú Lộc',223,'Thừa Thiên - Huế'),('6109',1883,'Huyện Phú Tân',252,'Cà Mau'),('4010',1884,'Huyện Krông Ana',210,'Đắk Lắk'),('3309',1885,'Huyện A Lưới',223,'Thừa Thiên - Huế'),('3702',1886,'Huyện An Lão',262,'Bình Định'),('0510',1893,'Huyện Bắc Quang',227,'Hà Giang'),('4908',1894,'Huyện Bến Lức',211,'Long An'),('3503',1898,'Huyện Bình Sơn',242,'Quảng Ngãi'),('4308',1899,'Huyện Bù Đăng',239,'Bình Phước'),('5303',1900,'Huyện Cái Bè',212,'Tiền Giang'),('1007',1904,'Huyện Cao Lộc',247,'Lạng Sơn'),('1506',1905,'Huyện Cẩm Khê',229,'Phú Thọ'),('5208',1690,'Huyện Đất Đỏ',206,'Bà Rịa - Vũng Tàu'),('4808',1694,'Huyện Long Thành',204,'Đồng Nai'),('3604',2121,'Huyện Đắk Tô',259,'Kon Tum'),('0130',3440,'Quận Nam Từ Liêm',201,'Hà Nội'),('6207',2123,'Huyện Điện Biên Đông',265,'Điện Biên'),('1108',3249,'Huyện Pác Nặm',245,'Bắc Kạn'),('3412',2125,'Huyện Đông Giang',243,'Quảng Nam'),('5809',3443,'Thị xã Duyên Hải',214,'Trà Vinh'),('1104',3232,'Huyện Na Rì',245,'Bắc Kạn'),('4906',2129,'Huyện Đức Huệ',211,'Long An'),('5603',3158,'Huyện Chợ Lách',213,'Bến Tre'),('4005',2131,'Huyện Ea Súp',210,'Đắk Lắk'),('5408',2132,'Huyện Gò Quao',219,'Kiên Giang'),('3709',3312,'Huyện Vân Canh',262,'Bình Định'),('5415',2134,'Huyện Giang Thành',219,'Kiên Giang'),('3708',3279,'Huyện Tây Sơn',262,'Bình Định'),('3207',2137,'Huyện Hải Lăng',238,'Quảng Trị'),('3407',2139,'Huyện Hiệp Đức',243,'Quảng Nam'),('3703',2140,'Huyện Hoài Ân',262,'Bình Định'),('3705',3254,'Huyện Phù Mỹ',262,'Bình Định'),('3804',2144,'Huyện Kbang',207,'Gia Lai'),('2308',2146,'Huyện Kim Bôi',267,'Hòa Bình'),('4012',3217,'Huyện Lắk',210,'Đắk Lắk'),('3608',2148,'Huyện Kon Rẫy',259,'Kon Tum'),('3806',2149,'Huyện Kông Chro',207,'Gia Lai'),('4003',2150,'Huyện Krông Búk',210,'Đắk Lắk'),('6306',2151,'Huyện Krông Nô',241,'Đắk Nông'),('3811',2152,'Huyện Krông Pa',207,'Gia Lai'),('2305',2156,'Huyện Lạc Sơn',267,'Hòa Bình'),('2309',2157,'Huyện Lạc Thủy',267,'Hòa Bình'),('6304',3152,'Huyện Cư Jút',241,'Đắk Nông'),('5906',2161,'Huyện Long Phú',218,'Sóc Trăng'),('5011',3155,'Huyện Châu Thành',216,'Đồng Tháp'),('2303',2163,'Huyện Mai Châu',267,'Hòa Bình'),('5703',2164,'Huyện Mang Thít',215,'Vĩnh Long'),('3803',2165,'Huyện Mang Yang',207,'Gia Lai'),('5004',3200,'Huyện Hồng Ngự',216,'Đồng Tháp'),('3509',2167,'Huyện Minh Long',242,'Quảng Ngãi'),('3011',3320,'Huyện Vũ Quang',236,'Hà Tĩnh'),('6209',2170,'Huyện Mường Ảng',265,'Điện Biên'),('0809',2171,'Huyện Mường Khương',269,'Lào Cai'),('3909',3278,'Huyện Tây Hòa',260,'Phú Yên'),('5903',2173,'Huyện Mỹ Tú',218,'Sóc Trăng'),('3902',3186,'Huyện Đồng Xuân',260,'Phú Yên'),('3413',2177,'Huyện Nam Giang',243,'Quảng Nam'),('3415',2178,'Huyện Nam Trà My',243,'Quảng Nam'),('2819',2181,'Huyện Nông Cống',234,'Thanh Hóa'),('3418',2182,'Huyện Nông Sơn',243,'Quảng Nam'),('3603',2187,'Huyện Ngọc Hồi',259,'Kon Tum'),('2810',2190,'Huyện Như Thanh',234,'Thanh Hóa'),('3907',3184,'Huyện Đông Hòa',260,'Phú Yên'),('3302',2193,'Huyện Phong Điền',223,'Thừa Thiên - Huế'),('2207',2194,'Huyện Phù Cừ',268,'Hưng Yên'),('1204',2195,'Huyện Phú Lương',244,'Thái Nguyên'),('3102',3286,'Huyện Tuyên Hóa',237,'Quảng Bình'),('3414',2198,'Huyện Phước Sơn',243,'Quảng Nam'),('3513',3270,'Huyện Sơn Tây',242,'Quảng Ngãi'),('2607',3281,'Huyện Tiền Hải',226,'Thái Bình'),('1402',2204,'Huyện Quỳnh Nhai',266,'Sơn La'),('3605',2205,'Huyện Sa Thầy',259,'Kon Tum'),('3906',2206,'Huyện Sông Hinh',260,'Phú Yên'),('3506',2210,'Huyện Sơn Hà',242,'Quảng Ngãi'),('3905',2211,'Huyện Sơn Hòa',260,'Phú Yên'),('5310',2216,'Huyện Tân Phú Đông',212,'Tiền Giang'),('3416',2219,'Huyện Tây Giang',243,'Quảng Nam'),('3514',2222,'Huyện Tây Trà',242,'Quảng Ngãi'),('3410',2224,'Huyện Tiên Phước',243,'Quảng Nam'),('6308',2227,'Huyện Tuy Đức',241,'Đắk Nông'),('1201',1639,'Thành phố Thái Nguyên',244,'Thái Nguyên'),('1801',1643,'Thành phố Bắc Giang',248,'Bắc Giang'),('4501',1665,'Thành phố Phan Rang – Tháp Chàm',261,'Ninh Thuận'),('5202',1667,'Thành phố Bà Rịa',206,'Bà Rịa - Vũng Tàu'),('3304',1697,'Thị xã Hương Trà',223,'Thừa Thiên - Huế'),('3306',1698,'Thị xã Hương Thủy',223,'Thừa Thiên - Huế'),('5203',1699,'Huyện Xuyên Mộc',206,'Bà Rịa - Vũng Tàu'),('4804',1700,'Huyện Định Quán',204,'Đồng Nai'),('3610',3446,'Huyện Ia H Drai',259,'Kon Tum'),('3308',3234,'Huyện Nam Đông',223,'Thừa Thiên - Huế'),('0904',3157,'Huyện Chiêm Hóa',228,'Tuyên Quang'),('1512',2237,'Huyện Thanh Thủy',229,'Phú Thọ'),('5905',2238,'Huyện Thạnh Trị',218,'Sóc Trăng'),('3408',2239,'Huyện Thăng Bình',243,'Quảng Nam'),('2908',3288,'Huyện Tương Dương',235,'Nghệ An'),('2907',3211,'Huyện Kỳ Sơn',235,'Nghệ An'),('1308',2248,'Huyện Trạm Tấu',263,'Yên Bái'),('2818',2249,'Huyện Triệu Sơn',234,'Thanh Hóa'),('5414',2251,'Huyện U Minh Thượng',219,'Kiên Giang'),('1412',2255,'Huyện Vân Hồ',266,'Sơn La'),('0506',2256,'Huyện Vị Xuyên',227,'Hà Giang'),('3707',2258,'Huyện Vĩnh Thạnh',262,'Bình Định'),('5411',2260,'Huyện Vĩnh Thuận',219,'Kiên Giang'),('5707',2263,'Huyện Vũng Liêm',215,'Vĩnh Long'),('0802',2264,'Huyện Xi Ma Cai',269,'Lào Cai'),('1304',2266,'Huyện Yên Bình',263,'Yên Bái'),('1408',2267,'Huyện Yên Châu',266,'Sơn La'),('1507',2268,'Huyện Yên Lập',229,'Phú Thọ'),('2310',2270,'Huyện Yên Thủy',267,'Hòa Bình'),('5907',2272,'Thị xã Vĩnh Châu',218,'Sóc Trăng'),('4408',3132,'Huyện Bàu Bàng',205,'Bình Dương'),('4310',3141,'Huyện Bù Gia Mập',239,'Bình Phước'),('5507',3317,'Huyện Vĩnh Thạnh',220,'Cần Thơ'),('1B28',3255,'Huyện Phú Xuyên',201,'Hà Nội'),('3012',3220,'Huyện Lộc Hà',236,'Hà Tĩnh'),('6408',3218,'Thị xã Long Mỹ',250,'Hậu Giang'),('5410',3125,'Huyện An Minh',219,'Kiên Giang'),('1006',3311,'Huyện Văn Quan',247,'Lạng Sơn'),('1004',3310,'Huyện Văn Lãng',247,'Lạng Sơn'),('1003',3138,'Huyện Bình Gia',247,'Lạng Sơn'),('1005',3134,'Huyện Bắc Sơn',247,'Lạng Sơn'),('2504',3193,'Huyện Giao Thủy',231,'Nam Định'),('2915',3291,'Huyện Thanh Chương',235,'Nghệ An'),('2903',3261,'Huyện Quỳ Châu',235,'Nghệ An'),('2919',3260,'Huyện Quế Phong',235,'Nghệ An'),('2917',3233,'Huyện Nam Đàn',235,'Nghệ An'),('2706',3327,'Huyện Yên Mô',233,'Ninh Bình'),('2707',3205,'Huyện Kim Sơn',233,'Ninh Bình'),('2704',3191,'Huyện Gia Viễn',233,'Ninh Bình'),('1709',3126,'Huyện Ba Chẽ',230,'Quảng Ninh'),('2701',1615,'Thành phố Ninh Bình',233,'Ninh Bình'),('6401',1653,'Thành phố Vị Thanh',250,'Hậu Giang'),('6001',1655,'Thành phố Bạc Liêu',253,'Bạc Liêu'),('3901',1663,'Thành phố Tuy Hòa',260,'Phú Yên'),('4701',1666,'Thành phố Phan Thiết',258,'Bình Thuận'),('5002',1668,'Thành phố Sa Đéc',216,'Đồng Tháp'),('4009',3418,'Huyện M đrắk',210,'Đắk Lắk'),('5509',3300,'Huyện Thới Lai',220,'Cần Thơ'),('0907',3267,'Huyện Sơn Dương',228,'Tuyên Quang'),('1A00',3442,'Quận Đặc Biệt',201,'Hà Nội'),('4301',1625,'Thị xã Đồng Xoài',239,'Bình Phước'),('4601',1626,'Thành phố Tây Ninh',240,'Tây Ninh'),('6301',1627,'Thị xã Gia Nghĩa',241,'Đắk Nông'),('3601',1660,'Thành phố Kon Tum',259,'Kon Tum'),('3701',1662,'Thành phố Quy Nhơn',262,'Bình Định'),('0801',1682,'Thành phố Lào Cai',269,'Lào Cai'),('1202',1684,'Thị xã Sông Công',244,'Thái Nguyên'),('5204',1689,'Huyện Long Điền',206,'Bà Rịa - Vũng Tàu'),('4806',1692,'Thị xã Long Khánh',204,'Đồng Nai'),('4402',1696,'Thị xã Bến Cát',205,'Bình Dương'),('0315',1706,'Quận Dương Kinh',224,'Hải Phòng'),('5109',1757,'Huyện Chợ Mới',217,'An Giang'),('1807',1759,'Huyện Hiệp Hòa',248,'Bắc Giang'),('1809',1763,'Huyện Việt Yên',248,'Bắc Giang'),('1907',1766,'Huyện Gia Bình',249,'Bắc Ninh'),('1906',1767,'Huyện Thuận Thành',249,'Bắc Ninh'),('1902',1768,'Huyện Yên Phong',249,'Bắc Ninh'),('3710',1769,'Thị xã An Nhơn',262,'Bình Định'),('3704',1771,'Huyện Hoài Nhơn',262,'Bình Định'),('4304',1774,'Thị xã Bình Long',239,'Bình Phước'),('4307',1775,'Thị xã Phước Long',239,'Bình Phước'),('4704',1777,'Huyện Hàm Thuận Bắc',258,'Bình Thuận'),('4710',1778,'Thị xã La Gi',258,'Bình Thuận'),('4703',1780,'Huyện Bắc Bình',258,'Bình Thuận'),('4702',1781,'Huyện Tuy Phong',258,'Bình Thuận'),('4015',1788,'Thị xã Buôn Hồ',210,'Đắk Lắk'),('6307',1791,'Huyện Đắk Glong',241,'Đắk Nông'),('3807',1794,'Huyện Đức Cơ',207,'Gia Lai'),('3809',1796,'Huyện Chư Sê',207,'Gia Lai'),('3810',1798,'Thị xã Ayun Pa',207,'Gia Lai'),('3814',1799,'Huyện Ia Pa',207,'Gia Lai'),('3805',1800,'Thị xã An Khê',207,'Gia Lai'),('1B17',1803,'Huyện Ba Vì',201,'Hà Nội'),('1B22',1804,'Huyện Đan Phượng',201,'Hà Nội'),('1B23',1805,'Huyện Hoài Đức',201,'Hà Nội'),('1B25',1806,'Huyện Mỹ Đức',201,'Hà Nội'),('1B18',1807,'Huyện Phúc Thọ',201,'Hà Nội'),('1B19',1808,'Huyện Thạch Thất',201,'Hà Nội'),('1B24',1809,'Huyện Thanh Oai',201,'Hà Nội'),('1B26',1810,'Huyện Ứng Hòa',201,'Hà Nội'),('3002',1814,'Thị xã Hồng Lĩnh',236,'Hà Tĩnh'),('0310',1819,'Huyện An Dương',224,'Hải Phòng'),('0307',1820,'Huyện An Lão',224,'Hải Phòng'),('0311',1821,'Huyện Tiên Lãng',224,'Hải Phòng'),('0312',1822,'Huyện Vĩnh Bảo',224,'Hải Phòng'),('6407',1823,'Thị xã Ngã Bảy',250,'Hậu Giang'),('2203',1825,'Huyện Ân Thi',268,'Hưng Yên'),('2208',1827,'Huyện Mỹ Hào',268,'Hưng Yên'),('2205',1828,'Huyện Yên Mỹ',268,'Hưng Yên'),('2825',1747,'Huyện Quảng Xương',234,'Thanh Hóa'),('2822',1748,'Huyện Hoằng Hóa',234,'Thanh Hóa'),('5910',1910,'Huyện Châu Thành',218,'Sóc Trăng'),('1B21',1915,'Huyện Chương Mỹ',201,'Hà Nội'),('2302',1916,'Huyện Đà Bắc',267,'Hòa Bình'),('1206',1918,'Huyện Đại Từ',244,'Thái Nguyên'),('2105',1934,'Huyện Gia Lộc',225,'Hải Dương'),('6004',1935,'Huyện Giá Rai',253,'Bạc Liêu'),('2705',1944,'Huyện Hoa Lư',233,'Ninh Bình'),('1011',1948,'Huyện Hữu Lũng',247,'Lạng Sơn'),('5403',1950,'Huyện Kiên Lương',219,'Kiên Giang'),('2111',1953,'Huyện Kim Thành',225,'Hải Dương'),('1510',1959,'Huyện Lâm Thao',229,'Phú Thọ'),('1603',1960,'Huyện Lập Thạch',221,'Vĩnh Phúc'),('1008',1963,'Huyện Lộc Bình',247,'Lạng Sơn'),('1803',1966,'Huyện Lục Ngạn',248,'Bắc Giang'),('1908',1969,'Huyện Lương Tài',249,'Bắc Ninh'),('0705',1980,'Huyện Mường Tè',264,'Lai Châu'),('2502',1981,'Huyện Mỹ Lộc',231,'Nam Định'),('2507',1983,'Huyện Nam Trực',231,'Nam Định'),('0708',1984,'Huyện Nậm Nhùm',264,'Lai Châu'),('1208',1991,'Huyện Phú Bình',244,'Thái Nguyên'),('4406',1992,'Huyện Phú Giáo',205,'Bình Dương'),('1B20',2004,'Huyện Quốc Oai ',201,'Hà Nội'),('1602',2009,'Huyện Tam Dương',221,'Vĩnh Phúc'),('5505',3250,'Huyện Phong Điền',220,'Cần Thơ'),('5506',3150,'Huyện Cờ Đỏ',220,'Cần Thơ'),('1B27',3303,'Huyện Thường Tín',201,'Hà Nội'),('3004',3188,'Huyện Đức Thọ',236,'Hà Tĩnh'),('3006',3143,'Huyện Can Lộc',236,'Hà Tĩnh'),('1010',3182,'Huyện Đình Lập',247,'Lạng Sơn'),('1009',3156,'Huyện Chi Lăng',247,'Lạng Sơn'),('2506',3319,'Huyện Vụ Bản',231,'Nam Định'),('2508',3308,'Huyện Trực Ninh',231,'Nam Định'),('4505',3129,'Huyện Bác Ái',261,'Ninh Thuận'),('1504',3290,'Huyện Thanh Ba',229,'Phú Thọ'),('1511',3272,'Huyện Tam Nông',229,'Phú Thọ'),('3103',3224,'Huyện Minh Hóa',237,'Quảng Bình'),('3104',3258,'Huyện Quảng Trạch',237,'Quảng Bình'),('3504',3304,'Huyện Trà Bồng',242,'Quảng Ngãi'),('3510',3226,'Huyện Mộ Đức',242,'Quảng Ngãi'),('3512',3127,'Huyện Ba Tơ',242,'Quảng Ngãi'),('1710',3185,'Huyện Đông Triều',230,'Quảng Ninh'),('1712',3199,'Huyện Hoành Bồ',230,'Quảng Ninh'),('1706',3180,'Huyện Đầm Hà',230,'Quảng Ninh'),('1411',3266,'huyện Sốp Cộp',266,'Sơn La'),('1403',3230,'Huyện Mường La',266,'Sơn La'),('1609',3271,'Huyện Tam Đảo',221,'Vĩnh Phúc'),('1607',3265,'Huyện Sông Lô',221,'Vĩnh Phúc'),('1105',3242,'Huyện Ngân Sơn',245,'Bắc Kạn'),('4409',3135,'Huyện Bắc Tân Uyên',205,'Bình Dương'),('4306',3140,'Huyện Bù Đốp',239,'Bình Phước'),('4706',3196,'Huyện Hàm Tân',258,'Bình Thuận'),('0605',3305,'Huyện Trà Lĩnh',246,'Cao Bằng'),('0603',3299,'Huyện Thông Nông',246,'Cao Bằng'),('0610',3289,'Huyện Thạch An',246,'Cao Bằng'),('0609',3259,'Huyện Quảng Uyên',246,'Cao Bằng'),('0607',3246,'Huyện Nguyên Bình',246,'Cao Bằng'),('0611',3194,'Huyện Hạ Lang',246,'Cao Bằng'),('0602',3130,'Huyện Bảo Lạc',246,'Cao Bằng'),('4014',3153,'Huyện Cư Kuin',210,'Đắk Lắk'),('3003',3201,'Huyện Hương Sơn',236,'Hà Tĩnh'),('3013',3441,'Thị xã Kỳ Anh',236,'Hà Tĩnh'),('2106',3287,'Huyện Tứ Kỳ',225,'Hải Dương'),('2107',3294,'Huyện Thanh Miện',225,'Hải Dương'),('2110',3292,'Huyện Thanh Hà',225,'Hải Dương'),('2108',3238,'Huyện Ninh Giang',225,'Hải Dương'),('0308',3203,'Huyện Kiến Thụy',224,'Hải Phòng'),('4105',3213,'Huyện Khánh Vĩnh',208,'Khánh Hòa'),('4107',3212,'Huyện Khánh Sơn',208,'Khánh Hòa'),('4204',3160,'Huyện Di Linh',209,'Lâm Đồng'),('4209',3146,'Huyện Cát Tiên',209,'Lâm Đồng'),('4902',3315,'Huyện Vĩnh Hưng',211,'Long An'),('4905',3293,'Huyện Thạnh Hóa',211,'Long An'),('4904',3276,'Huyện Tân Thạnh',211,'Long An'),('4914',3273,'Huyện Tân Hưng',211,'Long An'),('4903',3227,'Huyện Mộc Hóa',211,'Long An'),('4915',3329,'Thị xã Kiến Tường',211,'Long An'),('2509',3243,'Huyện Nghĩa Hưng',231,'Nam Định'),('2503',3323,'Huyện Xuân Trường',231,'Nam Định'),('2703',3247,'Huyện Nho Quan',233,'Ninh Bình'),('4507',3302,'Huyện Thuận Nam',261,'Ninh Thuận'),('4506',3301,'Huyện Thuận Bắc',261,'Ninh Thuận'),('3904',3284,'Huyện Tuy An',260,'Phú Yên'),('5309',3275,'Huyện Tân Phước',212,'Tiền Giang'),('4708',2012,'Huyện Tánh Linh',258,'Bình Thuận'),('2304',2014,'Huyện Tân Lạc',267,'Hòa Bình'),('1513',2015,'Huyện Tân Sơn',229,'Phú Thọ'),('1708',2019,'Huyện Tiên Yên',230,'Quảng Ninh'),('5006',2026,'Huyện Thanh Bình',216,'Đồng Tháp'),('4609',2035,'Huyện Trảng Bàng',240,'Tây Ninh'),('5911',2037,'Huyện Trần Đề',218,'Sóc Trăng'),('2209',2046,'Huyện Văn Lâm',268,'Hưng Yên'),('1303',2047,'Huyện Văn Yên',263,'Yên Bái'),('6402',2048,'Huyện Vị Thuỷ',250,'Hậu Giang'),('5704',2054,'Thị xã Bình Minh',215,'Vĩnh Long'),('5311',2055,'Thị xã Cai Lậy',212,'Tiền Giang'),('2102',2056,'Thị xã Chí Linh',225,'Hải Dương'),('4103',2061,'Thị xã Ninh Hòa',208,'Khánh Hòa'),('1302',2063,'Thị xã Nghĩa Lộ',263,'Yên Bái'),('1502',2064,'Thị xã Phú Thọ',229,'Phú Thọ'),('1608',2065,'Thị xã Phúc Yên',221,'Vĩnh Phúc'),('1711',2066,'Thị xã Quảng Yên',230,'Quảng Ninh'),('2823',3241,'Huyện Nga Sơn',234,'Thanh Hóa'),('2817',3298,'Huyện Thiệu Hóa',234,'Thanh Hóa'),('2811',3216,'Huyện Lang Chánh',234,'Thanh Hóa'),('2807',2070,'Huyện Bá Thước',234,'Thanh Hóa'),('2814',3147,'Huyện Cẩm Thủy',234,'Thanh Hóa'),('4311',3444,'Huyện Phú Riềng',239,'Bình Phước'),('0804',2073,'Huyện Bảo Thắng',269,'Lào Cai'),('3303',3257,'Huyện Quảng Điền',223,'Thừa Thiên - Huế'),('0507',2075,'Huyện Bắc Mê',227,'Hà Giang'),('6403',3445,'Huyện Long Mỹ',250,'Hậu Giang'),('3411',2078,'Huyện Bắc Trà My',243,'Quảng Nam'),('1405',2079,'Huyện Bắc Yên',266,'Sơn La'),('5708',2081,'Huyện Bình Tân',215,'Vĩnh Long'),('5304',2084,'Huyện Cai Lậy',212,'Tiền Giang'),('5802',2086,'Huyện Càng Long',214,'Trà Vinh'),('2311',2087,'Huyện Cao Phong',267,'Hòa Bình'),('0224',2090,'Huyện Cần Giờ',202,'Hồ Chí Minh'),('5803',2091,'Huyện Cầu Kè',214,'Trà Vinh'),('5908',2093,'Huyện Cù Lao Dung',218,'Sóc Trăng'),('6405',2096,'Huyện Châu Thành',250,'Hậu Giang'),('3817',2101,'Huyện Chư Pưh',207,'Gia Lai'),('5808',2103,'Huyện Duyên Hải',214,'Trà Vinh'),('4207',2104,'Huyện Đạ Huoai',209,'Lâm Đồng'),('3209',2105,'Huyện Đa Krông',238,'Quảng Trị'),('4208',2106,'Huyện Đạ Tẻh',209,'Lâm Đồng'),('1714',2109,'Huyện đảo Cô Tô',230,'Quảng Ninh'),('5205',2111,'Huyện đảo Côn Đảo',206,'Bà Rịa - Vũng Tàu'),('5412',2115,'Huyện đảo Phú Quốc',219,'Kiên Giang'),('4709',2116,'Huyện đảo Phú Quý',258,'Bình Thuận'),('3813',2118,'Huyện Đắk Đoa',207,'Gia Lai'),('3815',2119,'Huyện Đắk Pơ',207,'Gia Lai'),('6305',2120,'Huyện Đắk Song',241,'Đắk Nông'),('BKN123',3692,'BKN',202,'Hồ Chí Minh'),('0224',3693,'Cần giờ',202,'Hồ Chí Minh'),('',1464,'Tp HCM',202,'Hồ Chí Minh'),('',1537,'Đồng Nai',204,'Đồng Nai'),('',1539,'Bình Dương',205,'Bình Dương'),('',1543,'Bà Rịa - Vũng Tàu',206,'Bà Rịa - Vũng Tàu'),('',1545,'Gia Lai',207,'Gia Lai'),('',1547,'Khánh Hòa',208,'Khánh Hòa'),('',1549,'Lâm Đồng',209,'Lâm Đồng'),('',1551,'ĐĂK LĂK',210,'Đắk Lắk'),('',1553,'Long An',211,'Long An'),('',1555,'Tiền Giang',212,'Tiền Giang'),('',1532,'Đà Nẵng',203,'Đà Nẵng'),('',1557,'Bến Tre',213,'Bến Tre'),('',1559,'Trà Vinh',214,'Trà Vinh'),('',1561,'Vĩnh Long',215,'Vĩnh Long'),('xxx',1563,'Đồng Tháp',216,'Đồng Tháp'),('',1567,'Sóc Trăng',218,'Sóc Trăng'),('',1569,'Kiên Giang',219,'Kiên Giang'),('',1571,'Cần Thơ',220,'Cần Thơ'),('5501',1572,'Quận Ninh Kiều',220,'Cần Thơ'),('5503',1574,'Quận Cái Răng',220,'Cần Thơ'),('',1577,'Vĩnh Phúc',221,'Vĩnh Phúc'),('',1584,'Thừa Thiên Huế',223,'Thừa Thiên - Huế'),('0303',1587,'Quận Ngô Quyền',224,'Hải Phòng'),('0302',1588,'Quận Lê Chân',224,'Hải Phòng'),('0304',1590,'Quận Kiến An',224,'Hải Phòng'),('',1605,'Nam Định',231,'Nam Định'),('',1606,'Hà Nam',232,'Hà Nam'),('0301',1589,'Quận Hồng Bàng',224,'Hải Phòng'),('',1592,'Hải Dương',225,'Hải Dương'),('',1607,'Ninh Bình',233,'Ninh Bình'),('',1608,'Thanh Hoá',234,'Thanh Hóa'),('',1622,'Bình Phước',239,'Bình Phước'),('',1623,'Tây Ninh',240,'Tây Ninh'),('',1624,'Đắc Nông',241,'Đắk Nông'),('',1628,'Quảng Ngãi',242,'Quảng Ngãi'),('',1629,'Quảng Nam',243,'Quảng Nam'),('',1633,'Thái Nguyên',244,'Thái Nguyên'),('',1634,'Bắc Kạn',245,'Bắc Kạn'),('',1635,'Cao Bằng',246,'Cao Bằng'),('',1636,'Lạng Sơn',247,'Lạng Sơn'),('',1637,'Bắc Giang',248,'Bắc Giang'),('',1638,'Bắc Ninh',249,'Bắc Ninh'),('',1645,'Hậu Giang',250,'Hậu Giang'),('',1647,'Cà Mau',252,'Cà Mau'),('',1657,'Kon Tum',259,'Kon Tum'),('0111X',1658,'Phú Yên',260,'Phú Yên'),('',1659,'Ninh Thuận',261,'Ninh Thuận'),('',1669,'Yên Bái',263,'Yên Bái'),('',1670,'Lai Châu',264,'Lai Châu'),('',1671,'Điện Biên',265,'Điện Biên'),('',1672,'Sơn La',266,'Sơn La'),('',1673,'Hoà Bình',267,'Hòa Bình'),('',1681,'Lào Cai',269,'Lào Cai'),('5406',1719,'Huyện Châu Thành',219,'Kiên Giang'),('4605',1720,'Huyện Châu Thành',240,'Tây Ninh'),('6007',1723,'Huyện Hòa Bình',253,'Bạc Liêu'),('5007',1724,'Huyện Cao Lãnh',216,'Đồng Tháp'),('5010',1725,'Huyện Lai Vung',216,'Đồng Tháp'),('3505',1737,'Huyện Sơn Tịnh',242,'Quảng Ngãi'),('3507',1738,'Huyện Tư Nghĩa',242,'Quảng Ngãi'),('5602',1742,'Huyện Châu Thành',213,'Bến Tre'),('0803',1744,'Huyện Bát Xát',269,'Lào Cai'),('0906',1745,'Huyện Yên Sơn',228,'Tuyên Quang'),('1106',1887,'Huyện Ba Bể',245,'Bắc Kạn'),('5607',1888,'Huyện Ba Tri',213,'Bến Tre'),('1103',1889,'Huyện Bạch Thông',245,'Bắc Kạn'),('0612',1890,'Huyện Bảo Lâm',246,'Cao Bằng'),('0807',1891,'Huyện Bảo Yên',269,'Lào Cai'),('0808',1892,'Huyện Bắc Hà',269,'Lào Cai'),('5606',1895,'Huyện Bình Đại',213,'Bến Tre'),('1705',1896,'Huyện Bình Liêu',230,'Quảng Ninh'),('2406',1897,'Huyện Bình Lục',232,'Hà Nam'),('6105',1901,'Huyện Cái Nước',252,'Cà Mau'),('4109',1902,'Huyện Cam Lâm',208,'Khánh Hòa'),('3205',1903,'Huyện Cam Lộ',238,'Quảng Trị'),('4912',1906,'Huyện Cần Đước',211,'Long An'),('',1593,'Thái Bình',226,'Thái Bình'),('',1595,'Tuyên Quang',228,'Tuyên Quang'),('',1596,'Phú Thọ',229,'Phú Thọ'),('6210',2179,'Huyện Nậm Pồ',265,'Điện Biên'),('6107',2186,'Huyện Ngọc Hiển',252,'Cà Mau'),('3609',2225,'Huyện Tu Mơ Rông',259,'Kon Tum'),('',1594,'Hà Giang',227,'Hà Giang'),('',1597,'Quảng Ninh',230,'Quảng Ninh'),('',1609,'Nghệ An',235,'Nghệ An'),('',1610,'Hà Tĩnh',236,'Hà Tĩnh'),('',1611,'Quảng Bình',237,'Quảng Bình'),('',1612,'Quảng Trị ',238,'Quảng Trị'),('',1648,'Bạc Liêu',253,'Bạc Liêu'),('vvv',1652,'Long An',257,'Đồng Tháp'),('',1661,'Bình Định ',262,'Bình Định'),('',1679,'Hưng Yên',268,'Hưng Yên'),('4913',1907,'Huyện Cần Giuộc',211,'Long An'),('5807',1908,'Huyện Cầu Ngang',214,'Trà Vinh'),('4910',1909,'Huyện Châu Thành',211,'Long An'),('5805',1911,'Huyện Châu Thành',214,'Trà Vinh'),('6406',1912,'Huyện Châu Thành A',250,'Hậu Giang'),('1102',1913,'Huyện Chợ Đồn',245,'Bắc Kạn'),('1107',1914,'Huyện Chợ Mới',245,'Bắc Kạn'),('3405',1917,'Huyện Đại Lộc',243,'Quảng Nam'),('4212',1919,'Huyện Đam Rông',209,'Lâm Đồng'),('1713',1920,'Huyện đảo Vân Đồn',230,'Quảng Ninh'),('3602',1921,'Huyện Đắk Glei',259,'Kon Tum'),('6106',1922,'Huyện Đầm Dơi',252,'Cà Mau'),('6203',1923,'Huyện Điện Biên',265,'Điện Biên'),('1203',1924,'Huyện Định Hóa',244,'Thái Nguyên'),('1503',1925,'Huyện Đoan Hùng',229,'Phú Thọ'),('6006',1926,'Huyện Đông Hải',253,'Bạc Liêu'),('2820',1927,'Huyện Đông Sơn',234,'Thanh Hóa'),('0502',1928,'Huyện Đồng Văn',227,'Hà Giang'),('4907',1929,'Huyện Đức Hòa',211,'Long An'),('3511',1930,'Huyện Đức Phổ',242,'Quảng Ngãi'),('4008',1931,'Huyện Ea Kar',210,'Đắk Lắk'),('5308',1932,'Huyện Gò Công Đông',212,'Tiền Giang'),('5307',1933,'Huyện Gò Công Tây',212,'Tiền Giang'),('3204',1936,'Huyện Gio Linh',238,'Quảng Trị'),('5605',1937,'Huyện Giồng Trôm',213,'Bến Tre'),('1505',1938,'Huyện Hạ Hòa',229,'Phú Thọ'),('0604',1939,'Huyện Hà Quảng',246,'Cao Bằng'),('1707',1940,'Huyện Hải Hà',230,'Quảng Ninh'),('0905',1941,'Huyện Hàm Yên',228,'Tuyên Quang'),('2824',1942,'Huyện Hậu Lộc',234,'Thanh Hóa'),('0608',1943,'Huyện Hòa An',246,'Cao Bằng'),('0508',1945,'Huyện Hoàng Su Phì',227,'Hà Giang'),('6003',1946,'Huyện Hồng Dân',253,'Bạc Liêu'),('2918',1947,'Huyện Hưng Nguyên',235,'Nghệ An'),('5902',1949,'Huyện Kế Sách',218,'Sóc Trăng'),('2606',1951,'Huyện Kiến Xương',226,'Thái Bình'),('2403',1952,'Huyện Kim Bảng',232,'Hà Nam'),('4007',1954,'Huyện Krông Pắc',210,'Đắk Lắk'),('2306',1955,'Huyện Kỳ Sơn',267,'Hòa Bình'),('4206',1956,'Huyện Lạc Dương',209,'Lâm Đồng'),('0902',1957,'Huyện Lâm Bình',228,'Tuyên Quang'),('4210',1958,'Huyện Lâm Hà',209,'Lâm Đồng'),('5008',1961,'Huyện Lấp Vò',216,'Đồng Tháp'),('5702',1962,'Huyện Long Hồ',215,'Vĩnh Long'),('4305',1964,'Huyện Lộc Ninh',239,'Bình Phước'),('1805',1965,'Huyện Lục Nam',248,'Bắc Giang'),('1309',1967,'Huyện Lục Yên',263,'Yên Bái'),('2307',1968,'Huyện Lương Sơn',267,'Hòa Bình'),('2404',1970,'Huyện Lý Nhân',232,'Hà Nam'),('1407',1971,'Huyện Mai Sơn',266,'Sơn La'),('0503',1973,'Huyện Mèo Vạc',227,'Hà Giang'),('5604',1974,'Huyện Mỏ Cày Bắc',213,'Bến Tre'),('5609',1975,'Huyện Mỏ Cày Nam',213,'Bến Tre'),('1410',1976,'Huyện Mộc Châu',266,'Sơn La'),('1305',1977,'Huyện Mù Cang Chải',263,'Yên Bái'),('6205',1978,'Huyện Mường Chà',265,'Điện Biên'),('6208',1979,'Huyện Mường Nhé',265,'Điện Biên'),('0903',1982,'Huyện Na Hang',228,'Tuyên Quang'),('4503',1985,'Huyện Ninh Hải',261,'Ninh Thuận'),('4504',1986,'Huyện Ninh Phước',261,'Ninh Thuận'),('3409',1987,'Huyện Núi Thành',243,'Quảng Nam'),('3508',1988,'Huyện Nghĩa Hành',242,'Quảng Ngãi'),('0703',1989,'Huyện Phong Thổ',264,'Lai Châu'),('1209',1990,'Huyện Phổ Yên',244,'Thái Nguyên'),('3908',1993,'Huyện Phú Hòa',260,'Phú Yên'),('1509',1994,'Huyện Phù Ninh',229,'Phú Thọ'),('3417',1995,'Huyện Phú Ninh',243,'Quảng Nam'),('1406',1996,'Huyện Phù Yên',266,'Sơn La'),('0613',1997,'Huyện Phục Hòa',246,'Cao Bằng'),('6005',1998,'Huyện Phước Long',253,'Bạc Liêu'),('0505',1999,'Huyện Quản Bạ',227,'Hà Giang'),('2805',2000,'Huyện Quan Sơn',234,'Thanh Hóa'),('0511',2001,'Huyện Quang Bình',227,'Hà Giang'),('3106',2002,'Huyện Quảng Ninh',237,'Quảng Bình'),('3406',2003,'Huyện Quế Sơn',243,'Quảng Nam'),('0805',2005,'Huyện Sa Pa',269,'Lào Cai'),('0704',2006,'Huyện Sìn Hồ',264,'Lai Châu'),('1409',2007,'Huyện Sông Mã',266,'Sơn La'),('5705',2008,'Huyện Tam Bình',215,'Vĩnh Long'),('0702',2010,'Huyện Tam Đường',264,'Lai Châu'),('5005',2011,'Huyện Tam Nông',216,'Đồng Tháp'),('5003',2013,'Huyện Tân Hồng',216,'Đồng Tháp'),('4911',2016,'Huyện Tân Trụ',211,'Long An'),('0707',2017,'Huyện Tân Uyên',264,'Lai Châu'),('2206',2018,'Huyện Tiên Lữ',268,'Hưng Yên'),('5804',2020,'Huyện Tiểu Cần',214,'Trà Vinh'),('6206',2021,'Huyện Tủa Chùa',265,'Điện Biên'),('6204',2022,'Huyện Tuần Giáo',265,'Điện Biên'),('3711',2023,'Huyện Tuy Phước',262,'Bình Định'),('3008',2024,'Huyện Thạch Hà',236,'Hà Tĩnh'),('0706',2025,'Huyện Than Uyên',264,'Lai Châu'),('2405',2027,'Huyện Thanh Liêm',232,'Hà Nam'),('5608',2028,'Huyện Thạnh Phú',213,'Bến Tre'),('1508',2029,'Huyện Thanh Sơn',229,'Phú Thọ'),('5009',2030,'Huyện Tháp Mười',216,'Đồng Tháp'),('4909',2031,'Huyện Thủ Thừa',211,'Long An'),('1404',2032,'Huyện Thuận Châu',266,'Sơn La'),('5806',2033,'Huyện Trà Cú',214,'Trà Vinh'),('5706',2034,'Huyện Trà Ôn',215,'Vĩnh Long'),('1002',2036,'Huyện Tràng Định',247,'Lạng Sơn'),('6104',2038,'Huyện Trần Văn Thời',252,'Cà Mau'),('1307',2039,'Huyện Trấn Yên',263,'Yên Bái'),('3206',2040,'Huyện Triệu Phong',238,'Quảng Trị'),('0606',2041,'Huyện Trùng Khánh',246,'Cao Bằng'),('6103',2042,'Huyện U Minh',252,'Cà Mau'),('0806',2043,'Huyện Văn Bàn',269,'Lào Cai'),('1306',2044,'Huyện Văn Chấn',263,'Yên Bái'),('2210',2045,'Huyện Văn Giang',268,'Hưng Yên'),('4802',2049,'Huyện Vĩnh Cửu',204,'Đồng Nai'),('6002',2050,'Huyện Vĩnh Lợi',253,'Bạc Liêu'),('1205',2051,'Huyện Võ Nhai',244,'Thái Nguyên'),('0509',2052,'Huyện Xín Mần',227,'Hà Giang'),('0504',2053,'Huyện Yên Minh',227,'Hà Giang'),('5302',2057,'Thị xã Gò Công',212,'Tiền Giang'),('5402',2058,'Thị xã Hà Tiên',219,'Kiên Giang'),('5012',2059,'Thị xã Hồng Ngự',216,'Đồng Tháp'),('6202',2060,'Thị xã Mường Lay',265,'Điện Biên'),('5909',2062,'Thị xã Ngã Năm',218,'Sóc Trăng'),('0314',2107,'Huyện đảo Bạch Long Vĩ',224,'Hải Phòng'),('0313',2108,'Huyện đảo Cát Hải',224,'Hải Phòng'),('3210',2110,'Huyện đảo Cồn Cỏ',238,'Quảng Trị'),('0408',2112,'Huyện đảo Hoàng Sa',203,'Đà Nẵng'),('5413',2113,'Huyện đảo Kiên Hải',219,'Kiên Giang'),('3502',2114,'Huyện đảo Lý Sơn',242,'Quảng Ngãi'),('4108',2117,'Huyện đảo Trường Sa',208,'Khánh Hòa');
/*!40000 ALTER TABLE `Address` ENABLE KEYS */;
UNLOCK TABLES;

--
-- Table structure for table `Author`
--

DROP TABLE IF EXISTS `Author`;
/*!40101 SET @saved_cs_client     = @@character_set_client */;
/*!40101 SET character_set_client = utf8 */;
CREATE TABLE `Author` (
  `author_id` int(11) NOT NULL AUTO_INCREMENT,
  `author_name` varchar(255) NOT NULL,
  `password` varchar(255) NOT NULL,
  `author_infomation` varchar(255) NOT NULL,
  `author_image_url` varchar(255) NOT NULL,
  PRIMARY KEY (`author_id`)
) ENGINE=InnoDB DEFAULT CHARSET=utf8;
/*!40101 SET character_set_client = @saved_cs_client */;

--
-- Dumping data for table `Author`
--

LOCK TABLES `Author` WRITE;
/*!40000 ALTER TABLE `Author` DISABLE KEYS */;
/*!40000 ALTER TABLE `Author` ENABLE KEYS */;
UNLOCK TABLES;

--
-- Table structure for table `Blog`
--

DROP TABLE IF EXISTS `Blog`;
/*!40101 SET @saved_cs_client     = @@character_set_client */;
/*!40101 SET character_set_client = utf8 */;
CREATE TABLE `Blog` (
  `blog_id` int(11) NOT NULL AUTO_INCREMENT,
  `author_id` int(11) NOT NULL,
  `blog_name` varchar(255) NOT NULL,
  `date_upload` varchar(255) NOT NULL,
  `blog_content` varchar(255) NOT NULL,
  `blog_image_url` varchar(255) NOT NULL,
  PRIMARY KEY (`blog_id`)
) ENGINE=InnoDB DEFAULT CHARSET=utf8;
/*!40101 SET character_set_client = @saved_cs_client */;

--
-- Dumping data for table `Blog`
--

LOCK TABLES `Blog` WRITE;
/*!40000 ALTER TABLE `Blog` DISABLE KEYS */;
/*!40000 ALTER TABLE `Blog` ENABLE KEYS */;
UNLOCK TABLES;

--
-- Table structure for table `Brand`
--

DROP TABLE IF EXISTS `Brand`;
/*!40101 SET @saved_cs_client     = @@character_set_client */;
/*!40101 SET character_set_client = utf8 */;
CREATE TABLE `Brand` (
  `brand_id` int(11) NOT NULL AUTO_INCREMENT,
  `brand_name` varchar(255) NOT NULL,
  PRIMARY KEY (`brand_id`)
) ENGINE=InnoDB AUTO_INCREMENT=28 DEFAULT CHARSET=utf8;
/*!40101 SET character_set_client = @saved_cs_client */;

--
-- Dumping data for table `Brand`
--

LOCK TABLES `Brand` WRITE;
/*!40000 ALTER TABLE `Brand` DISABLE KEYS */;
INSERT INTO `Brand` VALUES (1,'Vatino'),(2,'Haras'),(3,'Everest'),(4,'Hải Đăng'),(5,'Glado'),(6,'Fortune Mouse'),(7,'Alasa'),(8,'Kojiba'),(9,'Phát Tiến'),(10,'MĐ'),(11,'F8888'),(12,'Rough'),(13,'Hanama'),(14,'Mắt Kính Sady'),(15,'Free Man'),(16,'FTT Leather'),(17,'Pigo Fashion'),(18,'Sunny'),(19,'AT Leather'),(20,'Routinue'),(21,'Lara'),(22,'Merju'),(23,'Novelty'),(24,'Puma'),(25,'Việt Fasion'),(26,'4U'),(27,'Aristino');
/*!40000 ALTER TABLE `Brand` ENABLE KEYS */;
UNLOCK TABLES;

--
-- Table structure for table `Category`
--

DROP TABLE IF EXISTS `Category`;
/*!40101 SET @saved_cs_client     = @@character_set_client */;
/*!40101 SET character_set_client = utf8 */;
CREATE TABLE `Category` (
  `category_id` int(11) NOT NULL AUTO_INCREMENT,
  `category_name` varchar(255) NOT NULL,
  PRIMARY KEY (`category_id`)
) ENGINE=InnoDB AUTO_INCREMENT=16 DEFAULT CHARSET=utf8;
/*!40101 SET character_set_client = @saved_cs_client */;

--
-- Dumping data for table `Category`
--

LOCK TABLES `Category` WRITE;
/*!40000 ALTER TABLE `Category` DISABLE KEYS */;
INSERT INTO `Category` VALUES (1,'Áo Thun'),(2,'Áo Sơ Mi'),(3,'Đồ Bộ & Đồ Mặc Nhà'),(4,'Áo Khoác & Áo Vest'),(5,'Đồ Đôi'),(6,'Áo Nỉ & Áo Len'),(7,'Quần'),(8,'Ba Lô & Túi Xách & Ví'),(9,'Thắt Lưng'),(10,'Đồ Lót'),(11,'Đầm'),(12,'Chân Váy'),(13,'Bộ Đồ Thể Thao'),(14,'Bộ Đồ Bơi'),(15,'Phụ Kiện Khác');
/*!40000 ALTER TABLE `Category` ENABLE KEYS */;
UNLOCK TABLES;

--
-- Table structure for table `Product`
--

DROP TABLE IF EXISTS `Product`;
/*!40101 SET @saved_cs_client     = @@character_set_client */;
/*!40101 SET character_set_client = utf8 */;
CREATE TABLE `Product` (
  `product_id` int(11) NOT NULL AUTO_INCREMENT,
  `product_name` varchar(255) NOT NULL,
  `product_image_url` varchar(255) NOT NULL,
  `price` int(11) NOT NULL,
  `brand_id` int(11) NOT NULL,
  `category_id` int(11) NOT NULL,
  `status` varchar(255) NOT NULL,
  `description` varchar(255) NOT NULL,
  `size` varchar(255) NOT NULL,
  `color` varchar(255) NOT NULL,
  `overview` varchar(255) NOT NULL,
  PRIMARY KEY (`product_id`)
) ENGINE=InnoDB AUTO_INCREMENT=699 DEFAULT CHARSET=utf8;
/*!40101 SET character_set_client = @saved_cs_client */;

--
-- Dumping data for table `Product`
--

LOCK TABLES `Product` WRITE;
/*!40000 ALTER TABLE `Product` DISABLE KEYS */;
INSERT INTO `Product` VALUES (1,'Áo Khoác Nữ Trẻ Trung Aloter','khoac1.jpeg',300000,1,4,'Còn Hàng','Sản phẩm hoàn thiện cao','S, L, XL','Trắng, Xanh, Đỏ, Đen','Sản phẩm hoàn thiện cao'),(2,'Áo Măng Tô Nữ Mũ Lông General','khoac2.jpg',300000,2,4,'Còn Hàng','Sản phẩm hoàn thiện cao','S, XL','Trắng, Tím, Đỏ, Đen','Sản phẩm hoàn thiện cao'),(3,'Áo Khoác Măng Tô Nữ Trắng Litte','khoac3.jpg',310000,3,4,'Còn Hàng','Sản phẩm hoàn thiện cao','S, L, XL, XXL','Xanh, Đỏ, Đen','Sản phẩm hoàn thiện cao'),(4,'Áo Khoác Măng Tô Che Vai Titale','khoac4.jpg',320000,4,4,'Còn Hàng','Sản phẩm hoàn thiện cao','L, XL','Trắng, Vàng, Đỏ, Đen','Sản phẩm hoàn thiện cao'),(5,'Áo Vest Cổ Bẻ Asties','khoac5.jpg',400000,5,4,'Còn Hàng','Sản phẩm hoàn thiện cao','S, L, XL','Trắng, Xanh, Đỏ','Sản phẩm hoàn thiện cao'),(6,'Áo Dạ Khuy Bấm Tiscet','khoac6.jpg',200000,5,4,'Còn Hàng','Sản phẩm hoàn thiện cao','S, L, XL, XXL','Trắng, Đỏ, Đen','Sản phẩm hoàn thiện cao'),(7,'Áo Dạ Công Sở Khuy Bấm Kline','khoac7.jpg',230000,5,4,'Còn Hàng','Sản phẩm hoàn thiện cao','S, L','Trắng, Xanh, Đen','Sản phẩm hoàn thiện cao'),(8,'Áo Khóa Jean Boston 2019','khoac8.jpg',350000,6,4,'Còn Hàng','Sản phẩm hoàn thiện cao','S, L, XXL','Trắng, Xanh, Đỏ','Sản phẩm hoàn thiện cao'),(9,'Áo Vest Vameri 2018','khoac9.jpg',250000,7,4,'Còn Hàng','Sản phẩm hoàn thiện cao','S, L, XXL','Trắng, Xanh, Đỏ, Nâu','Sản phẩm hoàn thiện cao'),(10,'Áo Khoác 2 Lớp Chống Nước Kindman','khoac10.jpg',100000,8,4,'Còn Hàng','Sản phẩm hoàn thiện cao','S, XL','Trắng, Xanh, Đỏ, Hồng','Sản phẩm hoàn thiện cao'),(11,'Áo Măng Tô Nữ Kinlist','khoac11.jpg',200000,9,4,'Còn Hàng','Sản phẩm hoàn thiện cao','L, XL','Trắng, Xanh, Đỏ, Xám','Sản phẩm hoàn thiện cao'),(22,'Áo Khoác Jean Nam Judger','khoac12.jpg',300000,10,4,'Còn Hàng','Sản phẩm hoàn thiện cao','S, XL','Trắng, Tím, Đỏ, Đen','Sản phẩm hoàn thiện cao'),(23,'Áo Vest Lịch Lãm Kenenter','khoac13.png',310000,11,4,'Còn Hàng','Sản phẩm hoàn thiện cao','S, L, XL, XXL','Xanh, Đỏ, Đen','Sản phẩm hoàn thiện cao'),(24,'Áo Khoác Da Kinnsert','khoac14.jpg',320000,12,4,'Còn Hàng','Sản phẩm hoàn thiện cao','L, XL','Trắng, Vàng, Đỏ, Đen','Sản phẩm hoàn thiện cao'),(25,'Áo Khoác Da Cổ Trụ Ngắn','khoac15.jpg',400000,13,4,'Còn Hàng','Sản phẩm hoàn thiện cao','S, L, XL','Trắng, Xanh, Đỏ','Sản phẩm hoàn thiện cao'),(26,'Áo Phao Giữ Nhiệt Che Cổ Killer','khoac16.jpg',200000,14,4,'Còn Hàng','Sản phẩm hoàn thiện cao','S, L, XL, XXL','Trắng, Đỏ, Đen','Sản phẩm hoàn thiện cao'),(27,'Áo Ghile Lịch Lãm Hennde','khoac17.jpg',230000,15,4,'Còn Hàng','Sản phẩm hoàn thiện cao','S, L','Trắng, Xanh, Đen','Sản phẩm hoàn thiện cao'),(28,'Áo Khoác Chống Nước 3 Lớp Carasa','khoac18.jpg',350000,16,4,'Còn Hàng','Sản phẩm hoàn thiện cao','S, L, XXL','Trắng, Xanh, Đỏ','Sản phẩm hoàn thiện cao'),(29,'Áo Khoác Jean Cenal Ngắn','khoac19.jpg',250000,17,4,'Còn Hàng','Sản phẩm hoàn thiện cao','S, L, XXL','Trắng, Xanh, Đỏ, Nâu','Sản phẩm hoàn thiện cao'),(30,'Áo Khoác Dạ Khuy Đôi','khoac20.jpg',100000,18,4,'Còn Hàng','Sản phẩm hoàn thiện cao','S, XL','Trắng, Xanh, Đỏ, Hồng','Sản phẩm hoàn thiện cao'),(31,'Áo Ghile Nam Lilama','khoac21.jpg',200000,19,4,'Còn Hàng','Sản phẩm hoàn thiện cao','L, XL','Trắng, Xanh, Đỏ, Xám','Sản phẩm hoàn thiện cao'),(32,'Áo Măng Tô Ôm Sát Eo Kieew','khoac22.jpg',300000,10,4,'Còn Hàng','Sản phẩm hoàn thiện cao','S, XL','Trắng, Tím, Đỏ, Đen','Sản phẩm hoàn thiện cao'),(33,'Áo Măng Tô Keen Cổ Bẻ','khoac23.jpg',310000,11,4,'Còn Hàng','Sản phẩm hoàn thiện cao','S, L, XL, XXL','Xanh, Đỏ, Đen','Sản phẩm hoàn thiện cao'),(34,'Áo Khoác Dù Trẻ Trung','khoac24.jpg',320000,12,4,'Còn Hàng','Sản phẩm hoàn thiện cao','L, XL','Trắng, Vàng, Đỏ, Đen','Sản phẩm hoàn thiện cao'),(35,'Áo Dạ Nữ Công Sở Kimserm','khoac25.png',400000,13,4,'Còn Hàng','Sản phẩm hoàn thiện cao','S, L, XL','Trắng, Xanh, Đỏ','Sản phẩm hoàn thiện cao'),(36,'Áo Phao Có Mũ Giữ Ấm Jmeea','khoac26.jpg',200000,14,4,'Còn Hàng','Sản phẩm hoàn thiện cao','S, L, XL, XXL','Trắng, Đỏ, Đen','Sản phẩm hoàn thiện cao'),(37,'Áo Khoác Giả Da Kinel','khoac27.jpg',230000,15,4,'Còn Hàng','Sản phẩm hoàn thiện cao','S, L','Trắng, Xanh, Đen','Sản phẩm hoàn thiện cao'),(38,'Áo Dạ Nữ Kín Cổ Kamire','khoac28.jpg',350000,16,4,'Còn Hàng','Sản phẩm hoàn thiện cao','S, L, XXL','Trắng, Xanh, Đỏ','Sản phẩm hoàn thiện cao'),(39,'Áo Gió Nam Nữ Phong Cách','khoac29.jpg',250000,17,4,'Còn Hàng','Sản phẩm hoàn thiện cao','S, L, XXL','Trắng, Xanh, Đỏ, Nâu','Sản phẩm hoàn thiện cao'),(40,'Áo Măng Tô Nữ Khuy Cài','khoac30.jpg',100000,18,4,'Còn Hàng','Sản phẩm hoàn thiện cao','S, XL','Trắng, Xanh, Đỏ, Hồng','Sản phẩm hoàn thiện cao'),(41,'Áo Ginle Nam Kineer','khoac31.jpg',200000,19,4,'Còn Hàng','Sản phẩm hoàn thiện cao','L, XL','Trắng, Xanh, Đỏ, Xám','Sản phẩm hoàn thiện cao'),(42,'Áo Ginle Nam Desnert','khoac32.jpg',300000,10,4,'Còn Hàng','Sản phẩm hoàn thiện cao','S, L, XL','Trắng, Tím, Đỏ, Đen','Sản phẩm hoàn thiện cao'),(43,'Áo Ginle Nam Jeasner','khoac33.jpg',310000,11,4,'Còn Hàng','Sản phẩm hoàn thiện cao','S, L, XL, XXL','Xanh, Đỏ, Đen','Sản phẩm hoàn thiện cao'),(44,'Áo Dạ Nữ Xaimaer','khoac34.jpg',320000,12,4,'Còn Hàng','Sản phẩm hoàn thiện cao','L, XL','Trắng, Vàng, Đỏ, Đen','Sản phẩm hoàn thiện cao'),(45,'Áo Dạ Mỏng Destimno 2019','khoac35.jpg',400000,13,4,'Còn Hàng','Sản phẩm hoàn thiện cao','S, L, XL','Trắng, Xanh, Đỏ','Sản phẩm hoàn thiện cao'),(46,'Áo Măng Tô Nữ Đai Cam Rêsion','khoac36.jpg',200000,14,4,'Còn Hàng','Sản phẩm hoàn thiện cao','S, L, XL, XXL','Trắng, Đỏ, Đen','Sản phẩm hoàn thiện cao'),(47,'Áo Khoác Ngắn Nữ 2009','khoac37.jpg',230000,15,4,'Còn Hàng','Sản phẩm hoàn thiện cao','S, L','Trắng, Xanh, Đen','Sản phẩm hoàn thiện cao'),(48,'Áo Khoác Giả Da 2 Lớp 199X','khoac38.jpg',350000,16,4,'Còn Hàng','Sản phẩm hoàn thiện cao','S, L, XXL','Trắng, Xanh, Đỏ','Sản phẩm hoàn thiện cao'),(49,'Áo Phao Cánh Tay Viền Trắng','khoac39.jpg',250000,17,4,'Còn Hàng','Sản phẩm hoàn thiện cao','L, XXL','Trắng, Xanh, Đỏ, Nâu','Sản phẩm hoàn thiện cao'),(50,'Áo Lông Vũ Đen Viền Trắng','khoac40.jpg',100000,18,4,'Còn Hàng','Sản phẩm hoàn thiện cao','S, XL','Trắng, Xanh, Đỏ, Hồng','Sản phẩm hoàn thiện cao'),(51,'Áo Phao Phong Cách Hàn 2019','khoac41.jpg',200000,19,4,'Còn Hàng','Sản phẩm hoàn thiện cao','L, XL','Trắng, Xanh, Đỏ, Xám','Sản phẩm hoàn thiện cao'),(52,'Áo Măng Tô Nữ Phong Cách Hàn Quốc','khoac42.jpg',300000,10,4,'Còn Hàng','Sản phẩm hoàn thiện cao','S, L, XL','Trắng, Tím, Đỏ, Đen','Sản phẩm hoàn thiện cao'),(53,'Áo Khoác Da Giữ Form 2019','khoac43.jpeg',310000,11,4,'Còn Hàng','Sản phẩm hoàn thiện cao','S, L, XL, XXL','Xanh, Đỏ, Đen','Sản phẩm hoàn thiện cao'),(54,'Áo Vest Công Sở Lịch Lãm Huewai','khoac44.jpg',320000,12,4,'Còn Hàng','Sản phẩm hoàn thiện cao','L, XL','Trắng, Vàng, Đỏ, Đen','Sản phẩm hoàn thiện cao'),(55,'Áo Khoác Mềm Có Mũ Hivision','khoac45.jpg',400000,13,4,'Còn Hàng','Sản phẩm hoàn thiện cao','S, L, XL','Trắng, Xanh, Đỏ','Sản phẩm hoàn thiện cao'),(56,'Áo Măng Tô Đai Buộc Littelare','khoac46.jpg',200000,14,4,'Còn Hàng','Sản phẩm hoàn thiện cao','S, L, XL, XXL','Trắng, Đỏ, Đen','Sản phẩm hoàn thiện cao'),(57,'Áo Chống Nước Chống Gió Bucket','khoac47.jpg',230000,15,4,'Còn Hàng','Sản phẩm hoàn thiện cao','S, L','Trắng, Xanh, Đen','Sản phẩm hoàn thiện cao'),(58,'Áo Khoác Giữ Nhiệt Khóa Kéo 2019','khoac48.jpg',350000,16,4,'Còn Hàng','Sản phẩm hoàn thiện cao','S, L, XXL','Trắng, Xanh, Đỏ','Sản phẩm hoàn thiện cao'),(59,'Áo Khoác Mỏng Cổ Trụ 2018','khoac49.jpeg',250000,17,4,'Còn Hàng','Sản phẩm hoàn thiện cao','L, XXL','Trắng, Xanh, Đỏ, Nâu','Sản phẩm hoàn thiện cao'),(60,'Áo Khoác Mỏng Cổ Trụ 2019','khoac50.jpg',100000,18,4,'Còn Hàng','Sản phẩm hoàn thiện cao','S, XL','Trắng, Xanh, Đỏ, Hồng','Sản phẩm hoàn thiện cao'),(61,'Áo Lông Vũ Dạng Măng Tô Hikenel','khoac51.jpg',200000,19,4,'Còn Hàng','Sản phẩm hoàn thiện cao','L, XL','Trắng, Xanh, Đỏ, Xám','Sản phẩm hoàn thiện cao'),(62,'Áo Khoác Nam Không Cổ Phong Cách','khoac52.jpg',300000,20,4,'Còn Hàng','Sản phẩm hoàn thiện cao','S, L, XL','Trắng, Tím, Đỏ, Đen','Sản phẩm hoàn thiện cao'),(63,'Áo Phao Giữ Nhiệt Desnal Có Mũ','khoac53.jpg',310000,21,4,'Còn Hàng','Sản phẩm hoàn thiện cao','S, L, XL, XXL','Xanh, Đỏ, Đen','Sản phẩm hoàn thiện cao'),(64,'Áo Khoác Phong Cách Hàn Không Cổ','khoac54.jpg',320000,22,4,'Còn Hàng','Sản phẩm hoàn thiện cao','L, XL','Trắng, Vàng, Đỏ, Đen','Sản phẩm hoàn thiện cao'),(65,'Áo Da Nam Trung Quốc Khóa Kéo','khoac55.jpeg',400000,23,4,'Còn Hàng','Sản phẩm hoàn thiện cao','S, L, XL','Trắng, Xanh, Đỏ','Sản phẩm hoàn thiện cao'),(66,'Áo Phao Nữ Khóa Kéo Mũ Xám','khoac56.jpg',200000,24,4,'Còn Hàng','Sản phẩm hoàn thiện cao','S, L, XL, XXL','Trắng, Đỏ, Đen','Sản phẩm hoàn thiện cao'),(67,'Áo Khoác Nhẹ Nữ Cổ Ngắn','khoac57.jpg',230000,25,4,'Còn Hàng','Sản phẩm hoàn thiện cao','S, L','Trắng, Xanh, Đen','Sản phẩm hoàn thiện cao'),(68,'ÁÁo Khoác Nam Dream Argez','khoac58.jpg',350000,26,4,'Còn Hàng','Sản phẩm hoàn thiện cao','S, L, XXL','Trắng, Xanh, Đỏ','Sản phẩm hoàn thiện cao'),(69,'Áo Khóa Nam Mũ Lông  2016','khoac59.png',250000,27,4,'Còn Hàng','Sản phẩm hoàn thiện cao','L, XXL','Trắng, Xanh, Đỏ, Nâu','Sản phẩm hoàn thiện cao'),(70,'Áo Dạ Nữ Xù Lông','khoac60.jpg',100000,18,4,'Còn Hàng','Sản phẩm hoàn thiện cao','S, XL','Trắng, Xanh, Đỏ, Hồng','Sản phẩm hoàn thiện cao'),(71,'Áo Dạ Giả Váy Nữ Kincel','khoac61.png',200000,19,4,'Còn Hàng','Sản phẩm hoàn thiện cao','L, XL','Trắng, Xanh, Đỏ, Xám','Sản phẩm hoàn thiện cao'),(72,'Áo Dạ Công Sở Đai Thắt Nơ 2019','khoac62.png',300000,20,4,'Còn Hàng','Sản phẩm hoàn thiện cao','S, L, XL','Trắng, Tím, Đỏ, Đen','Sản phẩm hoàn thiện cao'),(73,'Áo Dạ Công Sở Cổ Bẻ 2018','khoac63.png',310000,21,4,'Còn Hàng','Sản phẩm hoàn thiện cao','S, L, XL, XXL','Xanh, Đỏ, Đen','Sản phẩm hoàn thiện cao'),(74,'Áo Khoác Chống Nước Chồng Bụi','khoac64.jpeg',320000,22,4,'Còn Hàng','Sản phẩm hoàn thiện cao','L, XL','Trắng, Vàng, Đỏ, Đen','Sản phẩm hoàn thiện cao'),(75,'Áo Khoác Jean Zuamiaza','khoac65.jpg',400000,23,4,'Còn Hàng','Sản phẩm hoàn thiện cao','S, L, XL','Trắng, Xanh, Đỏ','Sản phẩm hoàn thiện cao'),(76,'Áo Măng tô Khuy Chéo Góc 2012','khoac66.jpg',200000,24,4,'Còn Hàng','Sản phẩm hoàn thiện cao','S, L, XL, XXL','Trắng, Đỏ, Đen','Sản phẩm hoàn thiện cao'),(77,'Áo Khoác Nam Trung Quốc 2011','khoac67.jpg',230000,25,4,'Còn Hàng','Sản phẩm hoàn thiện cao','S, L','Trắng, Xanh, Đen','Sản phẩm hoàn thiện cao'),(78,'Áo Dạ Nữ Khuy Kép Cổ Bẻ','khoac68.jpg',350000,26,4,'Còn Hàng','Sản phẩm hoàn thiện cao','S, L, XXL','Trắng, Xanh, Đỏ','Sản phẩm hoàn thiện cao'),(79,'Áo Dạ Khuy Lệch Phải Hàn Quốc','khoac69.jpeg',250000,27,4,'Còn Hàng','Sản phẩm hoàn thiện cao','L, XXL','Trắng, Xanh, Đỏ, Nâu','Sản phẩm hoàn thiện cao'),(80,'Áo Khoác Gió Nam 2018','khoac70.jpg',100000,18,4,'Còn Hàng','Sản phẩm hoàn thiện cao','S, XL','Trắng, Xanh, Đỏ, Hồng','Sản phẩm hoàn thiện cao'),(81,'Áo Khoác Giữ Nhiệt Nam 2001','khoac71.jpg',200000,19,4,'Còn Hàng','Sản phẩm hoàn thiện cao','L, XL','Trắng, Xanh, Đỏ, Xám','Sản phẩm hoàn thiện cao'),(82,'Áo Măng Tô Nữ Phong Cách Châu Âu','khoac72.jpg',350000,26,4,'Còn Hàng','Sản phẩm hoàn thiện cao','S, L, XXL','Trắng, Xanh, Đỏ','Sản phẩm hoàn thiện cao'),(83,'Áo Vest Nữ Ôm Eo 2011','khoac73.png',250000,27,4,'Còn Hàng','Sản phẩm hoàn thiện cao','L, XXL','Trắng, Xanh, Đỏ, Nâu','Sản phẩm hoàn thiện cao'),(84,'Áo Dạ Nữ Phong Cách Trẻ Trung','khoac74.jpg',100000,18,4,'Còn Hàng','Sản phẩm hoàn thiện cao','S, XL','Trắng, Xanh, Đỏ, Hồng','Sản phẩm hoàn thiện cao'),(85,'Áo Khoác Nam Jernico Che Cổ','khoac75.jpg',200000,19,4,'Còn Hàng','Sản phẩm hoàn thiện cao','L, XL','Trắng, Xanh, Đỏ, Xám','Sản phẩm hoàn thiện cao'),(86,'Áo Hoodie Nam Trơn','ni1.jpg',350000,26,6,'Còn Hàng','Sản phẩm hoàn thiện cao','S, L, XXL','Trắng, Xanh, Đỏ','Sản phẩm hoàn thiện cao'),(87,'Áo Nỉ Nam Ngắn Tay Alla Walker','ni2.jpg',250000,27,6,'Còn Hàng','Sản phẩm hoàn thiện cao','L, XXL','Trắng, Xanh, Đỏ, Nâu','Sản phẩm hoàn thiện cao'),(88,'Áo Nỉ Nữ Trắng Gooder Boy','ni3.jpg',350000,26,6,'Còn Hàng','Sản phẩm hoàn thiện cao','S, L, XXL','Trắng, Xanh, Đỏ','Sản phẩm hoàn thiện cao'),(89,'Áo Nỉ Đơn Giản Leviss','ni4.jpg',250000,27,6,'Còn Hàng','Sản phẩm hoàn thiện cao','L, XXL','Trắng, Xanh, Đỏ, Nâu','Sản phẩm hoàn thiện cao'),(90,'Váy Len Dài Trơn Gomelinte','ni5.jpg',100000,18,6,'Còn Hàng','Sản phẩm hoàn thiện cao','S, XL','Trắng, Xanh, Đỏ, Hồng','Sản phẩm hoàn thiện cao'),(91,'Áo Nỉ Phong Cách Tiger Kenzo','ni6.jpg',350000,26,6,'Còn Hàng','Sản phẩm hoàn thiện cao','S, L, XXL','Trắng, Xanh, Đỏ','Sản phẩm hoàn thiện cao'),(92,'Áo Hoodie Khóa Kéo Kindwead','ni7.jpg',250000,27,6,'Còn Hàng','Sản phẩm hoàn thiện cao','L, XXL','Trắng, Xanh, Đỏ, Nâu','Sản phẩm hoàn thiện cao'),(93,'Áo Nỉ Dài Tay Trơn Cổ Rộng','ni8.jpg',100000,18,6,'Còn Hàng','Sản phẩm hoàn thiện cao','S, XL','Trắng, Xanh, Đỏ, Hồng','Sản phẩm hoàn thiện cao'),(94,'Áo Nỉ Trơn A Bathing APE','ni9.jpg',100000,18,6,'Còn Hàng','Sản phẩm hoàn thiện cao','S, XL','Trắng, Xanh, Đỏ, Hồng','Sản phẩm hoàn thiện cao'),(95,'Áo Len Giữ Nhiệt Dài Tay','ni10.jpg',200000,19,6,'Còn Hàng','Sản phẩm hoàn thiện cao','L, XL','Trắng, Xanh, Đỏ, Xám','Sản phẩm hoàn thiện cao'),(96,'Áo Nỉ Giữ Nhiệt VLTN','ni11.jpg',350000,26,6,'Còn Hàng','Sản phẩm hoàn thiện cao','S, L, XXL','Trắng, Xanh, Đỏ','Sản phẩm hoàn thiện cao'),(97,'Váy Nỉ Cổ Tròn Ôm Eo Virico','ni12.jpg',250000,27,6,'Còn Hàng','Sản phẩm hoàn thiện cao','L, XXL','Trắng, Xanh, Đỏ, Nâu','Sản phẩm hoàn thiện cao'),(98,'Áo Hoodie Dequared2','ni13.jpg',350000,26,6,'Còn Hàng','Sản phẩm hoàn thiện cao','S, L, XXL','Trắng, Xanh, Đỏ','Sản phẩm hoàn thiện cao'),(99,'Váy Len Túi Rộng Dài Tay Vicelen','ni14.jpg',250000,27,6,'Còn Hàng','Sản phẩm hoàn thiện cao','L, XXL','Trắng, Xanh, Đỏ, Nâu','Sản phẩm hoàn thiện cao'),(100,'Áo Nỉ DGHJ','ni15.jpeg',100000,18,6,'Còn Hàng','Sản phẩm hoàn thiện cao','S, XL','Trắng, Xanh, Đỏ, Hồng','Sản phẩm hoàn thiện cao'),(101,'Áo Nỉ DGHU','ni16.jpg',350000,26,6,'Còn Hàng','Sản phẩm hoàn thiện cao','S, L, XXL','Trắng, Xanh, Đỏ','Sản phẩm hoàn thiện cao'),(102,'Áo Nỉ Cổ Tròn Corposm','ni17.jpg',250000,27,6,'Còn Hàng','Sản phẩm hoàn thiện cao','L, XXL','Trắng, Xanh, Đỏ, Nâu','Sản phẩm hoàn thiện cao'),(103,'Áo Nỉ Che Cổ Công Sở','ni18.jpg',100000,18,6,'Còn Hàng','Sản phẩm hoàn thiện cao','S, XL','Trắng, Xanh, Đỏ, Hồng','Sản phẩm hoàn thiện cao'),(104,'Áo nỉ 2 Phối Màu Chéo Edilen','ni19.jpg',100000,18,6,'Còn Hàng','Sản phẩm hoàn thiện cao','S, XL','Trắng, Xanh, Đỏ, Hồng','Sản phẩm hoàn thiện cao'),(105,'Áo Nỉ Cổ Tim Lecide','ni20.jpg',200000,19,6,'Còn Hàng','Sản phẩm hoàn thiện cao','L, XL','Trắng, Xanh, Đỏ, Xám','Sản phẩm hoàn thiện cao'),(106,'Áo Nỉ Trơn Sttigger','ni21.jpg',350000,1,6,'Còn Hàng','Sản phẩm hoàn thiện cao','S, L, XXL','Trắng, Xanh, Đỏ','Sản phẩm hoàn thiện cao'),(107,'Áo Nỉ Trơn Giữ Nhiệt','ni22.jpg',250000,2,6,'Còn Hàng','Sản phẩm hoàn thiện cao','L, XXL','Trắng, Xanh, Đỏ, Nâu','Sản phẩm hoàn thiện cao'),(108,'Áo Nỉ Khóa Kéo Polo Sport','ni23.jpg',350000,3,6,'Còn Hàng','Sản phẩm hoàn thiện cao','S, L, XXL','Trắng, Xanh, Đỏ','Sản phẩm hoàn thiện cao'),(109,'Áo Len Xù Lông Khuy Bấm Cady','ni24.jpg',250000,4,6,'Còn Hàng','Sản phẩm hoàn thiện cao','L, XXL','Trắng, Xanh, Đỏ, Nâu','Sản phẩm hoàn thiện cao'),(110,'Áo Nỉ Khoác Nhẹ Viceco','ni25.jpg',100000,5,6,'Còn Hàng','Sản phẩm hoàn thiện cao','S, XL','Trắng, Xanh, Đỏ, Hồng','Sản phẩm hoàn thiện cao'),(111,'Áo Nỉ Khoác Cổ Tim Hemlide','ni26.jpg',350000,7,6,'Còn Hàng','Sản phẩm hoàn thiện cao','S, L, XXL','Trắng, Xanh, Đỏ','Sản phẩm hoàn thiện cao'),(112,'Áo Hoodie LiCrcle','ni27.jpg',250000,8,6,'Còn Hàng','Sản phẩm hoàn thiện cao','L, XXL','Trắng, Xanh, Đỏ, Nâu','Sản phẩm hoàn thiện cao'),(113,'Áo Nỉ Nữ Ngắn Shine Sbring','ni28.jpg',100000,9,6,'Còn Hàng','Sản phẩm hoàn thiện cao','S, XL','Trắng, Xanh, Đỏ, Hồng','Sản phẩm hoàn thiện cao'),(114,'Áo Len Phối Màu Ghiene','ni29.jpg',100000,10,6,'Còn Hàng','Sản phẩm hoàn thiện cao','S, XL','Trắng, Xanh, Đỏ, Hồng','Sản phẩm hoàn thiện cao'),(115,'Váy Len Cổ Tròn Litenel','ni30.jpg',200000,11,6,'Còn Hàng','Sản phẩm hoàn thiện cao','L, XL','Trắng, Xanh, Đỏ, Xám','Sản phẩm hoàn thiện cao'),(116,'Váy Len Cổ Tròn Litenel 2019','ni31.jpg',350000,1,6,'Còn Hàng','Sản phẩm hoàn thiện cao','S, L, XXL','Trắng, Xanh, Đỏ','Sản phẩm hoàn thiện cao'),(117,'Áo Hoodie Vạch Trắng Lemia','ni32.jpg',250000,2,6,'Còn Hàng','Sản phẩm hoàn thiện cao','L, XXL','Trắng, Xanh, Đỏ, Nâu','Sản phẩm hoàn thiện cao'),(118,'Áo Hoodie Trơn Clise','ni33.jpg',350000,3,6,'Còn Hàng','Sản phẩm hoàn thiện cao','S, L, XXL','Trắng, Xanh, Đỏ','Sản phẩm hoàn thiện cao'),(119,'Áo Hoodie Listuni','ni34.jpg',250000,4,6,'Còn Hàng','Sản phẩm hoàn thiện cao','L, XXL','Trắng, Xanh, Đỏ, Nâu','Sản phẩm hoàn thiện cao'),(120,'Áo Nỉ Công Sở Camia','ni35.jpg',100000,5,6,'Còn Hàng','Sản phẩm hoàn thiện cao','S, XL','Trắng, Xanh, Đỏ, Hồng','Sản phẩm hoàn thiện cao'),(121,'Ảo Nỉ Không Cổ Kilia','ni36.jpg',350000,7,6,'Còn Hàng','Sản phẩm hoàn thiện cao','S, L, XXL','Trắng, Xanh, Đỏ','Sản phẩm hoàn thiện cao'),(122,'Áo Len Công Sở Jamer','ni37.jpg',250000,8,6,'Còn Hàng','Sản phẩm hoàn thiện cao','L, XXL','Trắng, Xanh, Đỏ, Nâu','Sản phẩm hoàn thiện cao'),(123,'Áo Nỉ Khóa Kéo Ngang Omerdie','ni38.jpg',100000,9,6,'Còn Hàng','Sản phẩm hoàn thiện cao','S, XL','Trắng, Xanh, Đỏ, Hồng','Sản phẩm hoàn thiện cao'),(124,'Áo Len Kẻ Ngang Kajser','ni39.jpeg',100000,10,6,'Còn Hàng','Sản phẩm hoàn thiện cao','S, XL','Trắng, Xanh, Đỏ, Hồng','Sản phẩm hoàn thiện cao'),(125,'Áo Nỉ Phối Màu Kẻ Ngang Jumaer','ni40.jpg',200000,11,6,'Còn Hàng','Sản phẩm hoàn thiện cao','L, XL','Trắng, Xanh, Đỏ, Xám','Sản phẩm hoàn thiện cao'),(126,'Áo Nỉ Cổ Cao Công Sở Gilovim','ni41.jpg',350000,12,6,'Còn Hàng','Sản phẩm hoàn thiện cao','S, L, XXL','Trắng, Xanh, Đỏ','Sản phẩm hoàn thiện cao'),(127,'Áo Nỉ Năng Động Beverret','ni42.jpg',250000,13,6,'Còn Hàng','Sản phẩm hoàn thiện cao','L, XXL','Trắng, Xanh, Đỏ, Nâu','Sản phẩm hoàn thiện cao'),(128,'Áo Nỉ Trơn Good Suter','ni43.jpg',350000,14,6,'Còn Hàng','Sản phẩm hoàn thiện cao','S, L, XXL','Trắng, Xanh, Đỏ','Sản phẩm hoàn thiện cao'),(129,'Áo Hoodie Mũ Tai Nai Queender','ni44.jpg',250000,15,6,'Còn Hàng','Sản phẩm hoàn thiện cao','L, XXL','Trắng, Xanh, Đỏ, Nâu','Sản phẩm hoàn thiện cao'),(130,'Áo Nỉ Năng Động Troacher','ni45.jpg',100000,16,6,'Còn Hàng','Sản phẩm hoàn thiện cao','S, XL','Trắng, Xanh, Đỏ, Hồng','Sản phẩm hoàn thiện cao'),(131,'Áo Nỉ Nữ Trơn Pumener','ni46.jpg',350000,17,6,'Còn Hàng','Sản phẩm hoàn thiện cao','S, L, XXL','Trắng, Xanh, Đỏ','Sản phẩm hoàn thiện cao'),(132,'Áo Nỉ Trơn Quảng Tây','ni47.jpg',250000,18,6,'Còn Hàng','Sản phẩm hoàn thiện cao','L, XXL','Trắng, Xanh, Đỏ, Nâu','Sản phẩm hoàn thiện cao'),(133,'Áo Nỉ Polo','ni48.jpg',100000,19,6,'Còn Hàng','Sản phẩm hoàn thiện cao','S, XL','Trắng, Xanh, Đỏ, Hồng','Sản phẩm hoàn thiện cao'),(134,'Váy Nỉ Kẻ Chéo W Kinderok','ni49.jpeg',100000,18,6,'Còn Hàng','Sản phẩm hoàn thiện cao','S, XL','Trắng, Xanh, Đỏ, Hồng','Sản phẩm hoàn thiện cao'),(135,'Áo Nỉ Tommy Jeawsr','ni50.jpg',200000,19,6,'Còn Hàng','Sản phẩm hoàn thiện cao','L, XL','Trắng, Xanh, Đỏ, Xám','Sản phẩm hoàn thiện cao'),(136,'Áo Nỉ Burerrry','ni51.jpg',100000,16,6,'Còn Hàng','Sản phẩm hoàn thiện cao','S, XL','Trắng, Xanh, Đỏ, Hồng','Sản phẩm hoàn thiện cao'),(137,'Áo Nỉ Chermmy','ni52.jpg',350000,17,6,'Còn Hàng','Sản phẩm hoàn thiện cao','S, L, XXL','Trắng, Xanh, Đỏ','Sản phẩm hoàn thiện cao'),(138,'Áo Nỉ Logo Cờ USA','ni53.jpg',250000,18,6,'Còn Hàng','Sản phẩm hoàn thiện cao','L, XXL','Trắng, Xanh, Đỏ, Nâu','Sản phẩm hoàn thiện cao'),(139,'Áo Nỉ Logo Tháp Êphen','ni54.jpg',100000,19,6,'Còn Hàng','Sản phẩm hoàn thiện cao','S, XL','Trắng, Xanh, Đỏ, Hồng','Sản phẩm hoàn thiện cao'),(140,'Áo Nỉ Trơn Fliuse','ni55.jpeg',100000,18,6,'Còn Hàng','Sản phẩm hoàn thiện cao','S, XL','Trắng, Xanh, Đỏ, Hồng','Sản phẩm hoàn thiện cao'),(141,'Áo Nỉ Trơn Derlida','ni56.jpg',200000,19,6,'Còn Hàng','Sản phẩm hoàn thiện cao','L, XL','Trắng, Xanh, Đỏ, Xám','Sản phẩm hoàn thiện cao'),(142,'Áo Nỉ Burerrry','ni51.jpg',100000,16,6,'Còn Hàng','Sản phẩm hoàn thiện cao','S, XL','Trắng, Xanh, Đỏ, Hồng','Sản phẩm hoàn thiện cao'),(143,'Áo Nỉ Chermmy','ni52.jpg',350000,17,6,'Còn Hàng','Sản phẩm hoàn thiện cao','S, L, XXL','Trắng, Xanh, Đỏ','Sản phẩm hoàn thiện cao'),(144,'Áo Nỉ Logo Cờ USA','ni53.jpg',250000,18,6,'Còn Hàng','Sản phẩm hoàn thiện cao','L, XXL','Trắng, Xanh, Đỏ, Nâu','Sản phẩm hoàn thiện cao'),(145,'Áo Nỉ Logo Tháp Êphen','ni54.jpg',100000,19,6,'Còn Hàng','Sản phẩm hoàn thiện cao','S, XL','Trắng, Xanh, Đỏ, Hồng','Sản phẩm hoàn thiện cao'),(146,'Áo Nỉ Trơn Fliuse','ni55.jpeg',100000,18,6,'Còn Hàng','Sản phẩm hoàn thiện cao','S, XL','Trắng, Xanh, Đỏ, Hồng','Sản phẩm hoàn thiện cao'),(147,'Áo Nỉ Burerrry','ni51.jpg',100000,16,6,'Còn Hàng','Sản phẩm hoàn thiện cao','S, XL','Trắng, Xanh, Đỏ, Hồng','Sản phẩm hoàn thiện cao'),(148,'Áo Nỉ Chermmy','ni52.jpg',350000,17,6,'Còn Hàng','Sản phẩm hoàn thiện cao','S, L, XXL','Trắng, Xanh, Đỏ','Sản phẩm hoàn thiện cao'),(149,'Áo Nỉ Logo Cờ USA','ni53.jpg',250000,18,6,'Còn Hàng','Sản phẩm hoàn thiện cao','L, XXL','Trắng, Xanh, Đỏ, Nâu','Sản phẩm hoàn thiện cao'),(150,'Áo Nỉ Logo Tháp Êphen','ni54.jpg',100000,19,6,'Còn Hàng','Sản phẩm hoàn thiện cao','S, XL','Trắng, Xanh, Đỏ, Hồng','Sản phẩm hoàn thiện cao'),(151,'Áo Nỉ Trơn Fliuse','ni55.jpeg',100000,18,6,'Còn Hàng','Sản phẩm hoàn thiện cao','S, XL','Trắng, Xanh, Đỏ, Hồng','Sản phẩm hoàn thiện cao'),(152,'Áo Nỉ Burerrry','ni51.jpg',100000,16,6,'Còn Hàng','Sản phẩm hoàn thiện cao','S, XL','Trắng, Xanh, Đỏ, Hồng','Sản phẩm hoàn thiện cao'),(153,'Áo Nỉ Chermmy','ni52.jpg',350000,17,6,'Còn Hàng','Sản phẩm hoàn thiện cao','S, L, XXL','Trắng, Xanh, Đỏ','Sản phẩm hoàn thiện cao'),(154,'Áo Nỉ Logo Cờ USA','ni53.jpg',250000,18,6,'Còn Hàng','Sản phẩm hoàn thiện cao','L, XXL','Trắng, Xanh, Đỏ, Nâu','Sản phẩm hoàn thiện cao'),(155,'Áo Nỉ Logo Tháp Êphen','ni54.jpg',100000,19,6,'Còn Hàng','Sản phẩm hoàn thiện cao','S, XL','Trắng, Xanh, Đỏ, Hồng','Sản phẩm hoàn thiện cao'),(156,'Áo Nỉ Trơn Fliuse','ni55.jpeg',100000,18,6,'Còn Hàng','Sản phẩm hoàn thiện cao','S, XL','Trắng, Xanh, Đỏ, Hồng','Sản phẩm hoàn thiện cao'),(157,'Áo Nỉ Trơn Derlida','ni56.jpg',200000,19,6,'Còn Hàng','Sản phẩm hoàn thiện cao','L, XL','Trắng, Xanh, Đỏ, Xám','Sản phẩm hoàn thiện cao'),(158,'Áo Sơ Mi Trắng Kẻ Dọc','somi1.jpg',100000,16,2,'Còn Hàng','Sản phẩm hoàn thiện cao','S, XL','Trắng, Xanh, Đỏ, Hồng','Sản phẩm hoàn thiện cao'),(159,'Áo Sơ Mi Trăng Zalary','somi2.jpg',350000,17,2,'Còn Hàng','Sản phẩm hoàn thiện cao','S, L, XXL','Trắng, Xanh, Đỏ','Sản phẩm hoàn thiện cao'),(160,'Áo Sơ Mi Trễ Vai Guuly','somi3.jpg',250000,18,2,'Còn Hàng','Sản phẩm hoàn thiện cao','L, XXL','Trắng, Xanh, Đỏ, Nâu','Sản phẩm hoàn thiện cao'),(161,'Áo Sơ Mi Cổ Tàu Ohishi','somi4.jpg',100000,19,2,'Còn Hàng','Sản phẩm hoàn thiện cao','S, XL','Trắng, Xanh, Đỏ, Hồng','Sản phẩm hoàn thiện cao'),(162,'Áo Sơ Mi Trơn Xesihe','somi5.jpg',100000,18,2,'Còn Hàng','Sản phẩm hoàn thiện cao','S, XL','Trắng, Xanh, Đỏ, Hồng','Sản phẩm hoàn thiện cao'),(163,'Áo Sơ Mi Cổ Bẻ Ghily','somi6.jpeg',100000,16,2,'Còn Hàng','Sản phẩm hoàn thiện cao','S, XL','Trắng, Xanh, Đỏ, Hồng','Sản phẩm hoàn thiện cao'),(164,'Áo Sơ Mi Caro Fhushi','somi7.jpg',350000,17,2,'Còn Hàng','Sản phẩm hoàn thiện cao','S, L, XXL','Trắng, Xanh, Đỏ','Sản phẩm hoàn thiện cao'),(165,'Áo Sơ Mi Ngắn Tay Họa Tiết','somi8.jpg',250000,18,2,'Còn Hàng','Sản phẩm hoàn thiện cao','L, XXL','Trắng, Xanh, Đỏ, Nâu','Sản phẩm hoàn thiện cao'),(166,'Áo Sơ Mi Dài Tay Chấm Bi','somi9.jpg',100000,19,2,'Còn Hàng','Sản phẩm hoàn thiện cao','S, XL','Trắng, Xanh, Đỏ, Hồng','Sản phẩm hoàn thiện cao'),(167,'Áo Sơ Mi Ngắn Tay Glucos','somi10.jpg',200000,19,2,'Còn Hàng','Sản phẩm hoàn thiện cao','L, XL','Trắng, Xanh, Đỏ, Xám','Sản phẩm hoàn thiện cao'),(168,'Áo Sơ Mi Dài Tay Bederpit','somi11.png',150000,20,2,'Còn Hàng','Sản phẩm hoàn thiện cao','S, XL','Trắng, Xanh, Đỏ, Hồng','Sản phẩm hoàn thiện cao'),(169,'Áo Sơ Mi Kẻ Caro Kidibud','somi12.jpg',350000,21,2,'Còn Hàng','Sản phẩm hoàn thiện cao','S, L, XXL','Trắng, Xanh, Đỏ','Sản phẩm hoàn thiện cao'),(170,'Áo Sơ Mi Ngắn Tay Jọmam','somi13.jpg',450000,22,2,'Còn Hàng','Sản phẩm hoàn thiện cao','L, XXL','Trắng, Xanh, Đỏ, Nâu','Sản phẩm hoàn thiện cao'),(171,'Áo Sơ Mi Ngắn Tay Guhadi','somi14.jpg',160000,23,2,'Còn Hàng','Sản phẩm hoàn thiện cao','S, XL','Trắng, Xanh, Đỏ, Hồng','Sản phẩm hoàn thiện cao'),(172,'Áo Sơ Mi Ngắn Tay Kolla','somi15.png',180000,24,2,'Còn Hàng','Sản phẩm hoàn thiện cao','S, XL','Trắng, Xanh, Đỏ, Hồng','Sản phẩm hoàn thiện cao'),(173,'Áo Sơ Mi Đi Biển Bluere','somi16.jpg',190000,25,2,'Còn Hàng','Sản phẩm hoàn thiện cao','S, XL','Trắng, Xanh, Đỏ, Hồng','Sản phẩm hoàn thiện cao'),(174,'Áo Sơ Mi Trơn Hideko','somi17.jpg',350000,26,2,'Còn Hàng','Sản phẩm hoàn thiện cao','S, L, XXL','Trắng, Xanh, Đỏ','Sản phẩm hoàn thiện cao'),(175,'Áo Sơ Mi Công Sở Chấm Bi','somi18.jpg',250000,27,2,'Còn Hàng','Sản phẩm hoàn thiện cao','L, XXL','Trắng, Xanh, Đỏ, Nâu','Sản phẩm hoàn thiện cao'),(176,'Áo Sơ Mi Ngắn Tay Khuy Bấm','somi19.jpg',340000,22,2,'Còn Hàng','Sản phẩm hoàn thiện cao','S, XL','Trắng, Xanh, Đỏ, Hồng','Sản phẩm hoàn thiện cao'),(177,'Áo Sơ Mi Đen Trơn Verico','somi20.jpg',280000,26,2,'Còn Hàng','Sản phẩm hoàn thiện cao','L, XL','Trắng, Xanh, Đỏ, Xám','Sản phẩm hoàn thiện cao'),(178,'Áo Sơ Mi Họa Tiết Gusida','somi21.jpg',150000,20,2,'Còn Hàng','Sản phẩm hoàn thiện cao','S, XL','Trắng, Xanh, Đỏ, Hồng','Sản phẩm hoàn thiện cao'),(179,'Áo Sơ Mi Họa Tiết Hoa Lá','somi22.jpg',350000,21,2,'Còn Hàng','Sản phẩm hoàn thiện cao','S, L, XXL','Trắng, Xanh, Đỏ','Sản phẩm hoàn thiện cao'),(180,'Áo Sơ Mi Công Sở Distraki','somi23.jpg',450000,22,2,'Còn Hàng','Sản phẩm hoàn thiện cao','L, XXL','Trắng, Xanh, Đỏ, Nâu','Sản phẩm hoàn thiện cao'),(181,'Áo Sơ Mi Phong Cách Cổ Điển','somi24.jpg',160000,23,2,'Còn Hàng','Sản phẩm hoàn thiện cao','S, XL','Trắng, Xanh, Đỏ, Hồng','Sản phẩm hoàn thiện cao'),(182,'Áo Sơ Mi Giữ Dáng Hidia','somi25.jpg',180000,24,2,'Còn Hàng','Sản phẩm hoàn thiện cao','S, XL','Trắng, Xanh, Đỏ, Hồng','Sản phẩm hoàn thiện cao'),(183,'Áo Sơ Kẻ Dọc Trắng','somi26.jpg',190000,25,2,'Còn Hàng','Sản phẩm hoàn thiện cao','S, XL','Trắng, Xanh, Đỏ, Hồng','Sản phẩm hoàn thiện cao'),(184,'Áo Sơ Mi Họa Tiêt Cổ Trụ','somi27.jpg',350000,26,2,'Còn Hàng','Sản phẩm hoàn thiện cao','S, L, XXL','Trắng, Xanh, Đỏ','Sản phẩm hoàn thiện cao'),(185,'Áo Sơ Mi Trắng Hizza','somi28.jpg',250000,27,2,'Còn Hàng','Sản phẩm hoàn thiện cao','L, XXL','Trắng, Xanh, Đỏ, Nâu','Sản phẩm hoàn thiện cao'),(186,'Áo Sơ Mi Kẻ Dọc Đen','somi29.jpg',340000,22,2,'Còn Hàng','Sản phẩm hoàn thiện cao','S, XL','Trắng, Xanh, Đỏ, Hồng','Sản phẩm hoàn thiện cao'),(187,'Áo Sơ Mi Trơn Kedij','somi30.jpg',280000,26,2,'Còn Hàng','Sản phẩm hoàn thiện cao','L, XL','Trắng, Xanh, Đỏ, Xám','Sản phẩm hoàn thiện cao'),(188,'Áo Sơ Mi Ngắn Tay Dazi','somi31.jpg',150000,1,2,'Còn Hàng','Sản phẩm hoàn thiện cao','S, XL','Trắng, Xanh, Đỏ, Hồng','Sản phẩm hoàn thiện cao'),(189,'Áo Sơ Mi Trơn FGD','somi32.jpg',350000,2,2,'Còn Hàng','Sản phẩm hoàn thiện cao','S, L, XXL','Trắng, Xanh, Đỏ','Sản phẩm hoàn thiện cao'),(190,'Áo Sơ Mi Nữ Họa Tiết','somi33.jpg',450000,3,2,'Còn Hàng','Sản phẩm hoàn thiện cao','L, XXL','Trắng, Xanh, Đỏ, Nâu','Sản phẩm hoàn thiện cao'),(191,'Áo Sơ Mi Ngắn Tay Disdia','somi34.jpg',160000,4,2,'Còn Hàng','Sản phẩm hoàn thiện cao','S, XL','Trắng, Xanh, Đỏ, Hồng','Sản phẩm hoàn thiện cao'),(192,'Áo Sơ Mi Kẻ Dọc Hồng Duasi','somi35.jpg',180000,5,2,'Còn Hàng','Sản phẩm hoàn thiện cao','S, XL','Trắng, Xanh, Đỏ, Hồng','Sản phẩm hoàn thiện cao'),(193,'Áo Sơ Mi Họa Tiết Hoa Lá FDS','somi36.jpg',190000,6,2,'Còn Hàng','Sản phẩm hoàn thiện cao','S, XL','Trắng, Xanh, Đỏ, Hồng','Sản phẩm hoàn thiện cao'),(194,'Áo Sơ Mi Xọc Trắng Đen','somi37.jpg',350000,7,2,'Còn Hàng','Sản phẩm hoàn thiện cao','S, L, XXL','Trắng, Xanh, Đỏ','Sản phẩm hoàn thiện cao'),(195,'Áo Sơ Mi Kẻ Caro Ô To','somi38.jpg',250000,8,2,'Còn Hàng','Sản phẩm hoàn thiện cao','L, XXL','Trắng, Xanh, Đỏ, Nâu','Sản phẩm hoàn thiện cao'),(196,'Áo Sơ Mi Trơn DWWA','somi39.jpg',340000,9,2,'Còn Hàng','Sản phẩm hoàn thiện cao','S, XL','Trắng, Xanh, Đỏ, Hồng','Sản phẩm hoàn thiện cao'),(197,'Áo Sơ Mi Nữ Giả Chân Váy','somi40.jpg',280000,10,2,'Còn Hàng','Sản phẩm hoàn thiện cao','L, XL','Trắng, Xanh, Đỏ, Xám','Sản phẩm hoàn thiện cao'),(198,'Áo Sơ Mi Nữ Kẻ Ong','somi41.jpg',150000,2,2,'Còn Hàng','Sản phẩm hoàn thiện cao','S, XL','Trắng, Xanh, Đỏ, Hồng','Sản phẩm hoàn thiện cao'),(199,'Áo Sơ Mi Kẻ Vàng Đen Playboy','somi42.jpg',350000,1,2,'Còn Hàng','Sản phẩm hoàn thiện cao','S, L, XXL','Trắng, Xanh, Đỏ','Sản phẩm hoàn thiện cao'),(200,'Áo Sơ Mi Form Dài Có Túi','somi43.jpg',450000,3,2,'Còn Hàng','Sản phẩm hoàn thiện cao','L, XXL','Trắng, Xanh, Đỏ, Nâu','Sản phẩm hoàn thiện cao'),(201,'Áo Sơ Mi Họa Tiết Lá Cây BGF','somi44.jpeg',160000,3,2,'Còn Hàng','Sản phẩm hoàn thiện cao','S, XL','Trắng, Xanh, Đỏ, Hồng','Sản phẩm hoàn thiện cao'),(202,'Áo Sơ Mi Biển Xanh DEE','somi45.jpg',180000,3,2,'Còn Hàng','Sản phẩm hoàn thiện cao','S, XL','Trắng, Xanh, Đỏ, Hồng','Sản phẩm hoàn thiện cao'),(203,'Áo Sơ Mi Mỏng Breach','somi46.jpg',190000,5,2,'Còn Hàng','Sản phẩm hoàn thiện cao','S, XL','Trắng, Xanh, Đỏ, Hồng','Sản phẩm hoàn thiện cao'),(204,'Áo Sơ Mi Họa Tiết Trên Vai','somi47.jpg',350000,6,2,'Còn Hàng','Sản phẩm hoàn thiện cao','S, L, XXL','Trắng, Xanh, Đỏ','Sản phẩm hoàn thiện cao'),(205,'Áo Sơ Mi Vàng EFSX','somi48.jpg',250000,7,2,'Còn Hàng','Sản phẩm hoàn thiện cao','L, XXL','Trắng, Xanh, Đỏ, Nâu','Sản phẩm hoàn thiện cao'),(206,'Áo Sơ Mi Giả Váy HG','somi49.jpg',340000,3,2,'Còn Hàng','Sản phẩm hoàn thiện cao','S, XL','Trắng, Xanh, Đỏ, Hồng','Sản phẩm hoàn thiện cao'),(207,'Áo Sơ Mi Ngắn Tay Công Sở','somi50.jpeg',280000,9,2,'Còn Hàng','Sản phẩm hoàn thiện cao','L, XL','Trắng, Xanh, Đỏ, Xám','Sản phẩm hoàn thiện cao'),(208,'Áo Sơ Mi Nữ Vides','somi51.jpg',160000,11,2,'Còn Hàng','Sản phẩm hoàn thiện cao','S, XL','Trắng, Xanh, Đỏ, Hồng','Sản phẩm hoàn thiện cao'),(209,'Áo Sơ Mi Nữ Vicedo','somi52.jpg',180000,23,2,'Còn Hàng','Sản phẩm hoàn thiện cao','S, XL','Trắng, Xanh, Đỏ, Hồng','Sản phẩm hoàn thiện cao'),(210,'Áo Sơ Mi Họa Tiết Hoa','somi53.jpg',190000,22,2,'Còn Hàng','Sản phẩm hoàn thiện cao','S, XL','Trắng, Xanh, Đỏ, Hồng','Sản phẩm hoàn thiện cao'),(211,'Áo Sơ Dài Form GHBies','somi54.jpg',350000,13,2,'Còn Hàng','Sản phẩm hoàn thiện cao','S, L, XXL','Trắng, Xanh, Đỏ','Sản phẩm hoàn thiện cao'),(212,'Áo Sơ Mi Giả Jean Khuy Bấm','somi55.jpg',250000,14,2,'Còn Hàng','Sản phẩm hoàn thiện cao','L, XXL','Trắng, Xanh, Đỏ, Nâu','Sản phẩm hoàn thiện cao'),(213,'Áo Sơ Mi Cổ Bẻ Ngắn','somi56.jpg',340000,18,2,'Còn Hàng','Sản phẩm hoàn thiện cao','S, XL','Trắng, Xanh, Đỏ, Hồng','Sản phẩm hoàn thiện cao'),(214,'Áo Sơ Mi Họa Tiết Hình Sao','somi57.jpg',280000,17,2,'Còn Hàng','Sản phẩm hoàn thiện cao','L, XL','Trắng, Xanh, Đỏ, Xám','Sản phẩm hoàn thiện cao'),(215,'Áo Thun Nam Biluxurv','thun1.jpeg',160000,1,1,'Còn Hàng','Sản phẩm hoàn thiện cao','S, XL','Trắng, Xanh, Đỏ, Hồng','Sản phẩm hoàn thiện cao'),(216,'Áo Thun Nam Nam Cổ ','thun2.jpg',180000,5,1,'Còn Hàng','Sản phẩm hoàn thiện cao','S, XL','Trắng, Xanh, Đỏ, Hồng','Sản phẩm hoàn thiện cao'),(217,'Áo Phông Ngắn Tay Không Cổ','thun3.jpg',190000,2,1,'Còn Hàng','Sản phẩm hoàn thiện cao','S, XL','Trắng, Xanh, Đỏ, Hồng','Sản phẩm hoàn thiện cao'),(218,'Áo Thun Nữ Cổ Tim AXA','thun4.jpg',160000,11,4,'Còn Hàng','Sản phẩm hoàn thiện cao','S, XL','Trắng, Xanh, Đỏ, Hồng','Sản phẩm hoàn thiện cao'),(219,'Aó Phông Nam Cotton Cổ Bẻ PLK','thun5.jpg',180000,3,1,'Còn Hàng','Sản phẩm hoàn thiện cao','S, XL','Trắng, Xanh, Đỏ, Hồng','Sản phẩm hoàn thiện cao'),(220,'Áo Phông Tay Lỡ Dáng  Rộng','thun6.jpeg',190000,2,1,'Còn Hàng','Sản phẩm hoàn thiện cao','S, XL','Trắng, Xanh, Đỏ, Hồng','Sản phẩm hoàn thiện cao'),(221,'Áo Phông GVC Chữ Ở Ngực','thun7.jpg',350000,6,1,'Còn Hàng','Sản phẩm hoàn thiện cao','S, L, XXL','Trắng, Xanh, Đỏ','Sản phẩm hoàn thiện cao'),(222,'Áo Thun Thoát Nhiệt Nhật Bản','thun8.jpeg',250000,4,1,'Còn Hàng','Sản phẩm hoàn thiện cao','L, XXL','Trắng, Xanh, Đỏ, Nâu','Sản phẩm hoàn thiện cao'),(223,'Áo Phông Ngắn Tay Đen Có Mũ ','thun9.jpg',340000,8,1,'Còn Hàng','Sản phẩm hoàn thiện cao','S, XL','Trắng, Xanh, Đỏ, Hồng','Sản phẩm hoàn thiện cao'),(224,'Áo Phông Ngắn Tay Cổ Bẻ Nam','thun10.jpg',280000,7,1,'Còn Hàng','Sản phẩm hoàn thiện cao','L, XL','Trắng, Xanh, Đỏ, Xám','Sản phẩm hoàn thiện cao'),(225,'Áo Phông Nam Đen Cổ ','thun11.jpg',160000,11,1,'Còn Hàng','Sản phẩm hoàn thiện cao','S, XL','Trắng, Xanh, Đỏ, Hồng','Sản phẩm hoàn thiện cao'),(226,'Áo Phông Nam Cao Cấp POGBA','thun12.jpg',180000,15,1,'Còn Hàng','Sản phẩm hoàn thiện cao','S, XL','Trắng, Xanh, Đỏ, Hồng','Sản phẩm hoàn thiện cao'),(227,'Áo Phông Nữ Cộc Tay','thun13.jpg',190000,12,1,'Còn Hàng','Sản phẩm hoàn thiện cao','S, XL','Trắng, Xanh, Đỏ, Hồng','Sản phẩm hoàn thiện cao'),(228,'Áo Phông Nam Cổ Khuy','thun14.jpg',160000,1,4,'Còn Hàng','Sản phẩm hoàn thiện cao','S, XL','Trắng, Xanh, Đỏ, Hồng','Sản phẩm hoàn thiện cao'),(229,'Áo Phông NR Form Trơn ','thun15.jpg',180000,13,1,'Còn Hàng','Sản phẩm hoàn thiện cao','S, XL','Trắng, Xanh, Đỏ, Hồng','Sản phẩm hoàn thiện cao'),(230,'Áo Phông Nam Có Chữ Trước Ngực','thun16.jpg',190000,12,1,'Còn Hàng','Sản phẩm hoàn thiện cao','S, XL','Trắng, Xanh, Đỏ, Hồng','Sản phẩm hoàn thiện cao'),(231,'Áo Phông  Kẻ Ngang Xanh Đậm','thun17.jpg',350000,16,1,'Còn Hàng','Sản phẩm hoàn thiện cao','S, L, XXL','Trắng, Xanh, Đỏ','Sản phẩm hoàn thiện cao'),(232,'Áo Phông Nam Kẻ Thun','thun18.jpg',250000,14,1,'Còn Hàng','Sản phẩm hoàn thiện cao','L, XXL','Trắng, Xanh, Đỏ, Nâu','Sản phẩm hoàn thiện cao'),(233,'Áo Phông Nam NIKE ','thun19.jpg',340000,18,1,'Còn Hàng','Sản phẩm hoàn thiện cao','S, XL','Trắng, Xanh, Đỏ, Hồng','Sản phẩm hoàn thiện cao'),(234,'Áo Phông Cổ Tròn Chữ Ngực Phản Quang','thun20.jpg',280000,17,1,'Còn Hàng','Sản phẩm hoàn thiện cao','L, XL','Trắng, Xanh, Đỏ, Xám','Sản phẩm hoàn thiện cao'),(235,'Áo Phông Đỏ Hình Nhện','thun21.jpg',160000,27,1,'Còn Hàng','Sản phẩm hoàn thiện cao','S, XL','Trắng, Xanh, Đỏ, Hồng','Sản phẩm hoàn thiện cao'),(236,'Áo Phông Nam Đen Trơn','thun22.jpeg',180000,26,1,'Còn Hàng','Sản phẩm hoàn thiện cao','S, XL','Trắng, Xanh, Đỏ, Hồng','Sản phẩm hoàn thiện cao'),(237,'Áo Phông Nữ Cổ Tròn ','thun23.jpeg',190000,25,1,'Còn Hàng','Sản phẩm hoàn thiện cao','S, XL','Trắng, Xanh, Đỏ, Hồng','Sản phẩm hoàn thiện cao'),(238,'Áo Thun Nam Không','thun24.jpg',160000,24,4,'Còn Hàng','Sản phẩm hoàn thiện cao','S, XL','Trắng, Xanh, Đỏ, Hồng','Sản phẩm hoàn thiện cao'),(239,'Áo Phông Nữ Cổ Tròn','thun25.jpg',180000,23,1,'Còn Hàng','Sản phẩm hoàn thiện cao','S, XL','Trắng, Xanh, Đỏ, Hồng','Sản phẩm hoàn thiện cao'),(240,'Áo Phông Nam Mùa Hè Cao Cấp','thun26.jpg',190000,22,1,'Còn Hàng','Sản phẩm hoàn thiện cao','S, XL','Trắng, Xanh, Đỏ, Hồng','Sản phẩm hoàn thiện cao'),(241,'Áo Phông Nữ Cổ Tròn Tay Lỡ','thun27.jpg',350000,21,1,'Còn Hàng','Sản phẩm hoàn thiện cao','S, L, XXL','Trắng, Xanh, Đỏ','Sản phẩm hoàn thiện cao'),(242,'Áo Phông Nam Cổ Bẻ In Hình 3D','thun28.jpg',250000,20,1,'Còn Hàng','Sản phẩm hoàn thiện cao','L, XXL','Trắng, Xanh, Đỏ, Nâu','Sản phẩm hoàn thiện cao'),(243,'Áo Phông Nam Hai Màu Cổ Tròn','thun29.jpg',340000,18,1,'Còn Hàng','Sản phẩm hoàn thiện cao','S, XL','Trắng, Xanh, Đỏ, Hồng','Sản phẩm hoàn thiện cao'),(244,'Áo Phông Nữ Cao Cấp MAY','thun30.jpg',280000,17,1,'Còn Hàng','Sản phẩm hoàn thiện cao','L, XL','Trắng, Xanh, Đỏ, Xám','Sản phẩm hoàn thiện cao'),(245,'Áo Phông Nữ Valenti','thun31.jpg',190000,15,1,'Còn Hàng','Sản phẩm hoàn thiện cao','S, XL','Trắng, Xanh, Đỏ, Hồng','Sản phẩm hoàn thiện cao'),(246,'Áo Phông Cấp Cổ Bẻ Hai Màu','thun32.jpg',350000,14,1,'Còn Hàng','Sản phẩm hoàn thiện cao','S, L, XXL','Trắng, Xanh, Đỏ','Sản phẩm hoàn thiện cao'),(247,'Áo Thun Nam Cộc Tay 100% ','thun33.jpg',250000,13,1,'Còn Hàng','Sản phẩm hoàn thiện cao','L, XXL','Trắng, Xanh, Đỏ, Nâu','Sản phẩm hoàn thiện cao'),(248,'Áo Thun Đen In Hình','thun34.jpg',340000,15,1,'Còn Hàng','Sản phẩm hoàn thiện cao','S, XL','Trắng, Xanh, Đỏ, Hồng','Sản phẩm hoàn thiện cao'),(249,'Áo Thun Nam Lisccis','thun35.jpg',280000,13,1,'Còn Hàng','Sản phẩm hoàn thiện cao','L, XL','Trắng, Xanh, Đỏ, Xám','Sản phẩm hoàn thiện cao'),(250,'Ba Lô Đi Học NO1','balo1.jpeg',190000,1,8,'Còn Hàng','Sản phẩm hoàn thiện cao','S, XL','Trắng, Xanh, Đỏ, Hồng','Sản phẩm hoàn thiện cao'),(251,'Túi Xách Hiệu Ukiess','balo2.jpg',350000,4,8,'Còn Hàng','Sản phẩm hoàn thiện cao','S, L, XXL','Trắng, Xanh, Đỏ','Sản phẩm hoàn thiện cao'),(252,'Ba Lô Đi Học NO2','balo3.jpg',250000,3,8,'Còn Hàng','Sản phẩm hoàn thiện cao','L, XXL','Trắng, Xanh, Đỏ, Nâu','Sản phẩm hoàn thiện cao'),(253,'Ba Lô Đi Học NO3','balo4.jpeg',340000,7,8,'Còn Hàng','Sản phẩm hoàn thiện cao','S, XL','Trắng, Xanh, Đỏ, Hồng','Sản phẩm hoàn thiện cao'),(254,'Túi Xách Litte 2019','balo5.jpg',340000,2,8,'Còn Hàng','Sản phẩm hoàn thiện cao','S, XL','Trắng, Xanh, Đỏ, Hồng','Sản phẩm hoàn thiện cao'),(255,'Túi Xách Thổ Cẩm','balo6.jpg',190000,5,8,'Còn Hàng','Sản phẩm hoàn thiện cao','S, XL','Trắng, Xanh, Đỏ, Hồng','Sản phẩm hoàn thiện cao'),(256,'Cặp Vải Tổng Hợp Kieder','balo7.jpg',350000,9,8,'Còn Hàng','Sản phẩm hoàn thiện cao','S, L, XXL','Trắng, Xanh, Đỏ','Sản phẩm hoàn thiện cao'),(257,'Ví Nữ Da Cá Sấu','balo8.jpg',250000,13,8,'Còn Hàng','Sản phẩm hoàn thiện cao','L, XXL','Trắng, Xanh, Đỏ, Nâu','Sản phẩm hoàn thiện cao'),(258,'Ba Lô Đi Học NO4','balo9.jpg',340000,15,8,'Còn Hàng','Sản phẩm hoàn thiện cao','S, XL','Trắng, Xanh, Đỏ, Hồng','Sản phẩm hoàn thiện cao'),(259,'Túi Xách Hiệu Asidamen','balo10.jpg',280000,6,8,'Còn Hàng','Sản phẩm hoàn thiện cao','L, XL','Trắng, Xanh, Đỏ, Xám','Sản phẩm hoàn thiện cao'),(260,'Ba Lô Du Lịch Seacher','balo11.jpg',190000,4,8,'Còn Hàng','Sản phẩm hoàn thiện cao','S, XL','Trắng, Xanh, Đỏ, Hồng','Sản phẩm hoàn thiện cao'),(261,'Ví Thời Trang Nữ Booscart','balo12.jpg',350000,1,8,'Còn Hàng','Sản phẩm hoàn thiện cao','S, L, XXL','Trắng, Xanh, Đỏ','Sản phẩm hoàn thiện cao'),(262,'Túi Xách Miladan','balo13.jpg',250000,2,8,'Còn Hàng','Sản phẩm hoàn thiện cao','L, XXL','Trắng, Xanh, Đỏ, Nâu','Sản phẩm hoàn thiện cao'),(263,'Ví Nữ Buston','balo14.jpg',340000,5,8,'Còn Hàng','Sản phẩm hoàn thiện cao','S, XL','Trắng, Xanh, Đỏ, Hồng','Sản phẩm hoàn thiện cao'),(264,'Túi Xách Hiệu Dimian','balo15.jpg',340000,6,8,'Còn Hàng','Sản phẩm hoàn thiện cao','S, XL','Trắng, Xanh, Đỏ, Hồng','Sản phẩm hoàn thiện cao'),(265,'Ví Nữ Dismen','balo16.jpg',190000,8,8,'Còn Hàng','Sản phẩm hoàn thiện cao','S, XL','Trắng, Xanh, Đỏ, Hồng','Sản phẩm hoàn thiện cao'),(266,'Túi Xách Có Dây Kimmin','balo17.jpg',350000,3,8,'Còn Hàng','Sản phẩm hoàn thiện cao','S, L, XXL','Trắng, Xanh, Đỏ','Sản phẩm hoàn thiện cao'),(267,'Ba Lô Đựng Laptop No1','balo18.jpeg',250000,9,8,'Còn Hàng','Sản phẩm hoàn thiện cao','L, XXL','Trắng, Xanh, Đỏ, Nâu','Sản phẩm hoàn thiện cao'),(268,'Ba Lô Da Campis','balo19.jpeg',340000,10,8,'Còn Hàng','Sản phẩm hoàn thiện cao','S, XL','Trắng, Xanh, Đỏ, Hồng','Sản phẩm hoàn thiện cao'),(269,'Ba Lô Da Xammpir','balo20.jpeg',280000,10,8,'Còn Hàng','Sản phẩm hoàn thiện cao','L, XL','Trắng, Xanh, Đỏ, Xám','Sản phẩm hoàn thiện cao'),(270,'Túi Xách Kangmen','balo21.jpeg',190000,12,8,'Còn Hàng','Sản phẩm hoàn thiện cao','S, XL','Trắng, Xanh, Đỏ, Hồng','Sản phẩm hoàn thiện cao'),(271,'Ví Nam Da Trâu Usxit','balo22.jpeg',350000,12,8,'Còn Hàng','Sản phẩm hoàn thiện cao','S, L, XXL','Trắng, Xanh, Đỏ','Sản phẩm hoàn thiện cao'),(272,'Ví Nữ Khoá Kéo Miasain','balo23.jpg',250000,22,8,'Còn Hàng','Sản phẩm hoàn thiện cao','L, XXL','Trắng, Xanh, Đỏ, Nâu','Sản phẩm hoàn thiện cao'),(273,'Túi Xách Lia','balo24.jpeg',340000,15,8,'Còn Hàng','Sản phẩm hoàn thiện cao','S, M, XL','Trắng, Xanh, Đỏ, Hồng','Sản phẩm hoàn thiện cao'),(274,'Ba Lô Da Nista','balo25.jpeg',340000,16,8,'Còn Hàng','Sản phẩm hoàn thiện cao','S, L, XL','Trắng, Xanh, Đỏ, Hồng','Sản phẩm hoàn thiện cao'),(275,'Túi Đeo Chéo Kimlink','balo26.jpeg',190000,18,8,'Còn Hàng','Sản phẩm hoàn thiện cao','S, XL','Trắng, Xanh, Đỏ, Hồng','Sản phẩm hoàn thiện cao'),(276,'Túi Xác Da Bò Hummi','balo27.jpg',350000,13,8,'Còn Hàng','Sản phẩm hoàn thiện cao','S, L, XXL','Trắng, Xanh, Đỏ','Sản phẩm hoàn thiện cao'),(277,'Cặp Sách Kenzo','balo28.jpg',250000,19,8,'Còn Hàng','Sản phẩm hoàn thiện cao','L, XXL','Trắng, Xanh, Đỏ, Nâu','Sản phẩm hoàn thiện cao'),(278,'Cặp Sách Kenzo Paris','balo29.jpg',340000,20,8,'Còn Hàng','Sản phẩm hoàn thiện cao','S, XL','Trắng, Xanh, Đỏ, Hồng','Sản phẩm hoàn thiện cao'),(279,'Ba Lô Dã Ngoại MDS','balo30.jpeg',280000,20,8,'Còn Hàng','Sản phẩm hoàn thiện cao','L, XL','Trắng, Xanh, Đỏ, Xám','Sản phẩm hoàn thiện cao'),(280,'Túi Cầm Tay DDSA','balo31.jpg',190000,11,8,'Còn Hàng','Sản phẩm hoàn thiện cao','S, XL','Trắng, Xanh, Đỏ, Hồng','Sản phẩm hoàn thiện cao'),(281,'Túi Cầm Tay BDQLi','balo32.jpg',350000,13,8,'Còn Hàng','Sản phẩm hoàn thiện cao','S, L, XXL','Trắng, Xanh, Đỏ','Sản phẩm hoàn thiện cao'),(282,'Túi Đeo Chéo MSSD','balo33.jpg',250000,14,8,'Còn Hàng','Sản phẩm hoàn thiện cao','L, XXL','Trắng, Xanh, Đỏ, Nâu','Sản phẩm hoàn thiện cao'),(283,'Túi Xách Hiệu Kitoli','balo34.jpg',340000,12,8,'Còn Hàng','Sản phẩm hoàn thiện cao','S, M, XL','Trắng, Xanh, Đỏ, Hồng','Sản phẩm hoàn thiện cao'),(284,'Ba Lô Sinh Viên M123','balo35.jpg',340000,17,8,'Còn Hàng','Sản phẩm hoàn thiện cao','S, L, XL','Trắng, Xanh, Đỏ, Hồng','Sản phẩm hoàn thiện cao'),(285,'Ba Lô Sinh Viên S123','balo36.jpg',190000,19,8,'Còn Hàng','Sản phẩm hoàn thiện cao','S, XL','Trắng, Xanh, Đỏ, Hồng','Sản phẩm hoàn thiện cao'),(286,'Ba Lô Sinh Viên L123','balo37.jpg',350000,14,8,'Còn Hàng','Sản phẩm hoàn thiện cao','S, L, XXL','Trắng, Xanh, Đỏ','Sản phẩm hoàn thiện cao'),(287,'Ba Lô Sinh Viên L183','balo38.jpg',250000,19,8,'Còn Hàng','Sản phẩm hoàn thiện cao','L, XXL','Trắng, Xanh, Đỏ, Nâu','Sản phẩm hoàn thiện cao'),(288,'Ba Lô Da Nhăn KMDS','balo39.jpg',340000,21,8,'Còn Hàng','Sản phẩm hoàn thiện cao','S, XL','Trắng, Xanh, Đỏ, Hồng','Sản phẩm hoàn thiện cao'),(289,'Ba Lô Hình Gấu Trắng','balo40.jpg',280000,24,8,'Còn Hàng','Sản phẩm hoàn thiện cao','L, XL','Trắng, Xanh, Đỏ, Xám','Sản phẩm hoàn thiện cao'),(290,'Ví Cầm Tay Nữ Kemtoler','balo41.jpg',190000,12,8,'Còn Hàng','Sản phẩm hoàn thiện cao','S, XL','Trắng, Xanh, Đỏ, Hồng','Sản phẩm hoàn thiện cao'),(291,'Ví Cầm Tay Nam Kimmuc','balo42.jpg',350000,11,8,'Còn Hàng','Sản phẩm hoàn thiện cao','S, L, XXL','Trắng, Xanh, Đỏ','Sản phẩm hoàn thiện cao'),(292,'Ba Lô Trẻ Em Wich','balo43.jpg',250000,13,8,'Còn Hàng','Sản phẩm hoàn thiện cao','L, XXL','Trắng, Xanh, Đỏ, Nâu','Sản phẩm hoàn thiện cao'),(293,'Ba Lô Trẻ Em Wechtern','balo44.jpg',340000,13,8,'Còn Hàng','Sản phẩm hoàn thiện cao','S, M, XL','Trắng, Xanh, Đỏ, Hồng','Sản phẩm hoàn thiện cao'),(294,'Ba Lô Đựng Laptop TTC','balo45.jpg',340000,16,8,'Còn Hàng','Sản phẩm hoàn thiện cao','S, L, XL','Trắng, Xanh, Đỏ, Hồng','Sản phẩm hoàn thiện cao'),(295,'Ba Lô Vải Tổng Hợp Kimerid','balo46.png',190000,18,8,'Còn Hàng','Sản phẩm hoàn thiện cao','S, XL','Trắng, Xanh, Đỏ, Hồng','Sản phẩm hoàn thiện cao'),(296,'Ví Cầm Tay Elisa','balo47.jpg',350000,19,8,'Còn Hàng','Sản phẩm hoàn thiện cao','S, L, XXL','Trắng, Xanh, Đỏ','Sản phẩm hoàn thiện cao'),(297,'Ba Lô Baby Nàng Tiên Cá','balo48.jpg',250000,11,8,'Còn Hàng','Sản phẩm hoàn thiện cao','L, XXL','Trắng, Xanh, Đỏ, Nâu','Sản phẩm hoàn thiện cao'),(298,'Ba Lô Kimer Thoát Nhiệt','balo49.jpg',340000,10,8,'Còn Hàng','Sản phẩm hoàn thiện cao','S, XL','Trắng, Xanh, Đỏ, Hồng','Sản phẩm hoàn thiện cao'),(299,'Ví Cầm Tay Dashwich Đen','balo50.jpg',280000,20,8,'Còn Hàng','Sản phẩm hoàn thiện cao','L, XL','Trắng, Xanh, Đỏ, Xám','Sản phẩm hoàn thiện cao'),(300,'Ví Cầm Tay Dashwich Xanh','balo51.jpg',190000,17,8,'Còn Hàng','Sản phẩm hoàn thiện cao','S, XL','Trắng, Xanh, Đỏ, Hồng','Sản phẩm hoàn thiện cao'),(301,'Ba Lô Du Lịch Geatering','balo52.jpg',350000,19,8,'Còn Hàng','Sản phẩm hoàn thiện cao','S, L, XXL','Trắng, Xanh, Đỏ','Sản phẩm hoàn thiện cao'),(302,'Túi Xách Hiệu Commern','balo53.jpg',250000,12,8,'Còn Hàng','Sản phẩm hoàn thiện cao','L, XXL','Trắng, Xanh, Đỏ, Nâu','Sản phẩm hoàn thiện cao'),(303,'Túi Xách Hiệu Csilerin','balo54.jpeg',340000,17,8,'Còn Hàng','Sản phẩm hoàn thiện cao','S, M, XL','Trắng, Xanh, Đỏ, Hồng','Sản phẩm hoàn thiện cao'),(304,'Túi Xách Hiệu Mittina','balo55.jpg',340000,19,8,'Còn Hàng','Sản phẩm hoàn thiện cao','S, L, XL','Trắng, Xanh, Đỏ, Hồng','Sản phẩm hoàn thiện cao'),(305,'Ba Lô Czechsa','balo56.jpg',190000,18,8,'Còn Hàng','Sản phẩm hoàn thiện cao','S, XL','Trắng, Xanh, Đỏ, Hồng','Sản phẩm hoàn thiện cao'),(306,'Ba Lô Diseret','balo57.jpg',350000,19,8,'Còn Hàng','Sản phẩm hoàn thiện cao','S, L, XXL','Trắng, Xanh, Đỏ','Sản phẩm hoàn thiện cao'),(307,'Ví Nam Phối Màu Đen Đỏ','balo58.jpg',250000,14,8,'Còn Hàng','Sản phẩm hoàn thiện cao','L, XXL','Trắng, Xanh, Đỏ, Nâu','Sản phẩm hoàn thiện cao'),(308,'Ba Lô Chống Trộm Desicely','balo59.jpeg',340000,15,8,'Còn Hàng','Sản phẩm hoàn thiện cao','S, XL','Trắng, Xanh, Đỏ, Hồng','Sản phẩm hoàn thiện cao'),(309,'Ví Cầm Tay Khoá Kéo','balo60.jpg',280000,20,8,'Còn Hàng','Sản phẩm hoàn thiện cao','L, XL','Trắng, Xanh, Đỏ, Xám','Sản phẩm hoàn thiện cao'),(310,'Giỏ Đeo Vai Cói','balo61.jpeg',190000,21,8,'Còn Hàng','Sản phẩm hoàn thiện cao','S, XL','Trắng, Xanh, Đỏ, Hồng','Sản phẩm hoàn thiện cao'),(311,'Túi Xác Vải Mỏng Gilierr','balo62.jpeg',350000,22,8,'Còn Hàng','Sản phẩm hoàn thiện cao','S, L, XXL','Trắng, Xanh, Đỏ','Sản phẩm hoàn thiện cao'),(312,'Túi Đeo Chéo Jamma','balo63.jpg',250000,23,8,'Còn Hàng','Sản phẩm hoàn thiện cao','L, XXL','Trắng, Xanh, Đỏ, Nâu','Sản phẩm hoàn thiện cao'),(313,'BA Lô Trẻ Em Fishier','balo64.jpg',340000,21,8,'Còn Hàng','Sản phẩm hoàn thiện cao','S, M, XL','Trắng, Xanh, Đỏ, Hồng','Sản phẩm hoàn thiện cao'),(314,'Ba Lô Trẻ Em Destin','balo65.jpg',340000,26,8,'Còn Hàng','Sản phẩm hoàn thiện cao','S, L, XL','Trắng, Xanh, Đỏ, Hồng','Sản phẩm hoàn thiện cao'),(315,'Túi Đeo Chéo Diner','balo66.jpg',190000,25,8,'Còn Hàng','Sản phẩm hoàn thiện cao','S, XL','Trắng, Xanh, Đỏ, Hồng','Sản phẩm hoàn thiện cao'),(316,'BA Lô Đi Học Dacara','balo67.jpg',350000,27,8,'Còn Hàng','Sản phẩm hoàn thiện cao','S, L, XXL','Trắng, Xanh, Đỏ','Sản phẩm hoàn thiện cao'),(317,'Túi Đeo Liaz','balo68.jpg',250000,27,8,'Còn Hàng','Sản phẩm hoàn thiện cao','L, XXL','Trắng, Xanh, Đỏ, Nâu','Sản phẩm hoàn thiện cao'),(318,'Ba Lô Đựng Laptop N23','balo69.jpg',340000,27,8,'Còn Hàng','Sản phẩm hoàn thiện cao','S, XL','Trắng, Xanh, Đỏ, Hồng','Sản phẩm hoàn thiện cao'),(319,'Túi Đeo Da Bóng L122','balo70.jpeg',280000,24,13,'Còn Hàng','Sản phẩm hoàn thiện cao','L, XL','Trắng, Xanh, Đỏ, Xám','Sản phẩm hoàn thiện cao'),(325,'Bộ Thể Thao Lining','thethao1.jpg',190000,11,13,'Còn Hàng','Sản phẩm hoàn thiện cao','S, XL','Trắng, Xanh, Đỏ, Hồng','Sản phẩm hoàn thiện cao'),(326,'Bộ Thể Thao IVy Park','thethao2.jpg',350000,12,13,'Còn Hàng','Sản phẩm hoàn thiện cao','S, L, XXL','Trắng, Xanh, Đỏ','Sản phẩm hoàn thiện cao'),(327,'Bộ Thể Thao Chạy Bộ Litem','thethao3.jpg',190000,21,13,'Còn Hàng','Sản phẩm hoàn thiện cao','S, XL','Trắng, Xanh, Đỏ, Hồng','Sản phẩm hoàn thiện cao'),(328,'Bộ Thể Thao Chạy Bộ Lidaen','thethao4.jpg',350000,22,13,'Còn Hàng','Sản phẩm hoàn thiện cao','S, L, XXL','Trắng, Xanh, Đỏ','Sản phẩm hoàn thiện cao'),(329,'Bộ Thể Thao Chạy Bộ Mittingse','thethao5.jpg',250000,23,13,'Còn Hàng','Sản phẩm hoàn thiện cao','L, XXL','Trắng, Xanh, Đỏ, Nâu','Sản phẩm hoàn thiện cao'),(330,'Bộ Quần Áo Đá Bóng Cectic','thethao6.png',340000,21,13,'Còn Hàng','Sản phẩm hoàn thiện cao','S, M, XL','Trắng, Xanh, Đỏ, Hồng','Sản phẩm hoàn thiện cao'),(331,'Bộ Quần Áo Bóng Chày Liang','thethao7.jpg',340000,26,13,'Còn Hàng','Sản phẩm hoàn thiện cao','S, L, XL','Trắng, Xanh, Đỏ, Hồng','Sản phẩm hoàn thiện cao'),(332,'Bộ Thể Thao Chạy Bộ Himead','thethao8.jpg',190000,25,13,'Còn Hàng','Sản phẩm hoàn thiện cao','S, XL','Trắng, Xanh, Đỏ, Hồng','Sản phẩm hoàn thiện cao'),(333,'Bộ Thể Thao Chạy Bộ Hedica','thethao9.jpg',350000,27,13,'Còn Hàng','Sản phẩm hoàn thiện cao','S, L, XXL','Trắng, Xanh, Đỏ','Sản phẩm hoàn thiện cao'),(334,'Bộ Quần Áo Đá Bóng Celta Vigo','thethao10.png',250000,27,13,'Còn Hàng','Sản phẩm hoàn thiện cao','L, XXL','Trắng, Xanh, Đỏ, Nâu','Sản phẩm hoàn thiện cao'),(335,'Bộ Thể Thao Chạy Bộ Nike','thethao11.jpg',340000,27,13,'Còn Hàng','Sản phẩm hoàn thiện cao','S, XL','Trắng, Xanh, Đỏ, Hồng','Sản phẩm hoàn thiện cao'),(336,'Bộ Thể Thao Tập Thể Dục Kilia','thethao12.jpg',280000,24,13,'Còn Hàng','Sản phẩm hoàn thiện cao','L, XL','Trắng, Xanh, Đỏ, Xám','Sản phẩm hoàn thiện cao'),(337,'Bộ Thể ThaoTập Gym Kima','thethao13.jpeg',190000,23,13,'Còn Hàng','Sản phẩm hoàn thiện cao','S, XL','Trắng, Xanh, Đỏ, Hồng','Sản phẩm hoàn thiện cao'),(338,'Bộ Thể Thao Bóng Rổ TremFile','thethao14.jpg',350000,23,13,'Còn Hàng','Sản phẩm hoàn thiện cao','S, L, XXL','Trắng, Xanh, Đỏ','Sản phẩm hoàn thiện cao'),(339,'Bộ Thể Thao Chạy Bộ Adidas','thethao15.jpg',250000,22,13,'Còn Hàng','Sản phẩm hoàn thiện cao','L, XXL','Trắng, Xanh, Đỏ, Nâu','Sản phẩm hoàn thiện cao'),(340,'Bộ Thể Thao Nike','thethao16.jpg',340000,26,13,'Còn Hàng','Sản phẩm hoàn thiện cao','S, M, XL','Trắng, Xanh, Đỏ, Hồng','Sản phẩm hoàn thiện cao'),(341,'Bộ Thể Thao Cá Tính Adidas','thethao17.jpg',340000,26,13,'Còn Hàng','Sản phẩm hoàn thiện cao','S, L, XL','Trắng, Xanh, Đỏ, Hồng','Sản phẩm hoàn thiện cao'),(342,'Váy Vải Jean Kimmich','vay1.jpg',190000,4,12,'Còn Hàng','Sản phẩm hoàn thiện cao','S, XL','Trắng, Xanh, Đỏ, Hồng','Sản phẩm hoàn thiện cao'),(343,'Váy Kemto','vay2.jpg',350000,2,12,'Còn Hàng','Sản phẩm hoàn thiện cao','S, L, XXL','Trắng, Xanh, Đỏ','Sản phẩm hoàn thiện cao'),(344,'Chân Váy Xoè Kias','vay3.jpg',190000,1,12,'Còn Hàng','Sản phẩm hoàn thiện cao','S, XL','Trắng, Xanh, Đỏ, Hồng','Sản phẩm hoàn thiện cao'),(345,'Chân Váy Xoè Kias 2019','vay4.jpg',350000,2,12,'Còn Hàng','Sản phẩm hoàn thiện cao','S, L, XXL','Trắng, Xanh, Đỏ','Sản phẩm hoàn thiện cao'),(346,'Chân Váy 2 Lớp Minna','vay5.jpg',250000,3,12,'Còn Hàng','Sản phẩm hoàn thiện cao','L, XXL','Trắng, Xanh, Đỏ, Nâu','Sản phẩm hoàn thiện cao'),(347,'Chân Váy Kaacae','vay6.jpg',340000,21,12,'Còn Hàng','Sản phẩm hoàn thiện cao','S, M, XL','Trắng, Xanh, Đỏ, Hồng','Sản phẩm hoàn thiện cao'),(348,'Chân Váy Dài Mix Màu','vay7.jpg',340000,6,12,'Còn Hàng','Sản phẩm hoàn thiện cao','S, L, XL','Trắng, Xanh, Đỏ, Hồng','Sản phẩm hoàn thiện cao'),(349,'Chân Váy Xanh Chéo','vay8.jpg',190000,5,12,'Còn Hàng','Sản phẩm hoàn thiện cao','S, XL','Trắng, Xanh, Đỏ, Hồng','Sản phẩm hoàn thiện cao'),(350,'Chân Váy Dài Công Sở No1','vay9.jpg',350000,7,12,'Còn Hàng','Sản phẩm hoàn thiện cao','S, L, XXL','Trắng, Xanh, Đỏ','Sản phẩm hoàn thiện cao'),(351,'Chân Váy Kimea 2019','vay10.jpg',250000,7,12,'Còn Hàng','Sản phẩm hoàn thiện cao','L, XXL','Trắng, Xanh, Đỏ, Nâu','Sản phẩm hoàn thiện cao'),(352,'Chân Váy Ôm Eo Hicsrion','vay11.jpg',190000,10,12,'Còn Hàng','Sản phẩm hoàn thiện cao','S, XL','Trắng, Xanh, Đỏ, Hồng','Sản phẩm hoàn thiện cao'),(353,'Chân Váy Xoè Lida','vay12.jpg',350000,9,12,'Còn Hàng','Sản phẩm hoàn thiện cao','S, L, XXL','Trắng, Xanh, Đỏ','Sản phẩm hoàn thiện cao'),(354,'Chân Váy Xoè Ống','vay13.jpg',190000,10,12,'Còn Hàng','Sản phẩm hoàn thiện cao','S, XL','Trắng, Xanh, Đỏ, Hồng','Sản phẩm hoàn thiện cao'),(355,'Chân Váy Xoè Kiala','vay14.jpg',350000,8,12,'Còn Hàng','Sản phẩm hoàn thiện cao','S, L, XXL','Trắng, Xanh, Đỏ','Sản phẩm hoàn thiện cao'),(356,'Chân Váy Xoè Dias','vay15.jpg',250000,7,12,'Còn Hàng','Sản phẩm hoàn thiện cao','L, XXL','Trắng, Xanh, Đỏ, Nâu','Sản phẩm hoàn thiện cao'),(357,'Chân Váy Dài Bó Eo','vay16.jpg',340000,11,12,'Còn Hàng','Sản phẩm hoàn thiện cao','S, M, XL','Trắng, Xanh, Đỏ, Hồng','Sản phẩm hoàn thiện cao'),(358,'Chân Váy Dài Bó Eo No1','vay17.jpg',340000,12,12,'Còn Hàng','Sản phẩm hoàn thiện cao','S, L, XL','Trắng, Xanh, Đỏ, Hồng','Sản phẩm hoàn thiện cao'),(359,'Chân Váy Công Sở Kejito','vay18.jpg',190000,10,12,'Còn Hàng','Sản phẩm hoàn thiện cao','S, XL','Trắng, Xanh, Đỏ, Hồng','Sản phẩm hoàn thiện cao'),(360,'Chân Váy Chống Nắng Zam','vay19.jpg',350000,8,12,'Còn Hàng','Sản phẩm hoàn thiện cao','S, L, XXL','Trắng, Xanh, Đỏ','Sản phẩm hoàn thiện cao'),(361,'Chân Váy Chống Nắng Xsda','vay20.jpg',250000,6,12,'Còn Hàng','Sản phẩm hoàn thiện cao','L, XXL','Trắng, Xanh, Đỏ, Nâu','Sản phẩm hoàn thiện cao'),(362,'Chân Váy Giả Quần Kimodi','vay21.jpg',190000,13,12,'Còn Hàng','Sản phẩm hoàn thiện cao','S, XL','Trắng, Xanh, Đỏ, Hồng','Sản phẩm hoàn thiện cao'),(363,'Chân Váy Nhật L721','vay22.jpg',350000,12,12,'Còn Hàng','Sản phẩm hoàn thiện cao','S, L, XXL','Trắng, Xanh, Đỏ','Sản phẩm hoàn thiện cao'),(364,'Chân Váy Nhật D123','vay23.jpg',190000,15,12,'Còn Hàng','Sản phẩm hoàn thiện cao','S, XL','Trắng, Xanh, Đỏ, Hồng','Sản phẩm hoàn thiện cao'),(365,'Chân Váy Colobia F312','vay24.jpg',350000,14,12,'Còn Hàng','Sản phẩm hoàn thiện cao','S, L, XXL','Trắng, Xanh, Đỏ','Sản phẩm hoàn thiện cao'),(366,'Chân Váy Nam Phi E2','vay25.jpg',250000,17,12,'Còn Hàng','Sản phẩm hoàn thiện cao','L, XXL','Trắng, Xanh, Đỏ, Nâu','Sản phẩm hoàn thiện cao'),(367,'Chân Váy Gradien Đỏ Hồng','vay26.jpg',340000,11,12,'Còn Hàng','Sản phẩm hoàn thiện cao','S, M, XL','Trắng, Xanh, Đỏ, Hồng','Sản phẩm hoàn thiện cao'),(368,'Chân Váy Gludoce','vay27.jpg',340000,16,12,'Còn Hàng','Sản phẩm hoàn thiện cao','S, L, XL','Trắng, Xanh, Đỏ, Hồng','Sản phẩm hoàn thiện cao'),(369,'Chân Váy Hàn O901','vay28.jpeg',190000,14,12,'Còn Hàng','Sản phẩm hoàn thiện cao','S, XL','Trắng, Xanh, Đỏ, Hồng','Sản phẩm hoàn thiện cao'),(370,'Chân Váy Thổ Cẩm','vay29.jpg',350000,15,12,'Còn Hàng','Sản phẩm hoàn thiện cao','S, L, XXL','Trắng, Xanh, Đỏ','Sản phẩm hoàn thiện cao'),(371,'Chân Váy Cầu Vồng','vay30.jpg',250000,13,12,'Còn Hàng','Sản phẩm hoàn thiện cao','L, XXL','Trắng, Xanh, Đỏ, Nâu','Sản phẩm hoàn thiện cao'),(372,'Chân Váy Châu Âu UJKA','vay31.jpg',190000,16,12,'Còn Hàng','Sản phẩm hoàn thiện cao','S, XL','Trắng, Xanh, Đỏ, Hồng','Sản phẩm hoàn thiện cao'),(373,'Chân Váy Nhật F334','vay32.jpg',350000,15,12,'Còn Hàng','Sản phẩm hoàn thiện cao','S, L, XXL','Trắng, Xanh, Đỏ','Sản phẩm hoàn thiện cao'),(374,'Chân Váy Công Sở F23','vay33.jpg',190000,16,12,'Còn Hàng','Sản phẩm hoàn thiện cao','S, XL','Trắng, Xanh, Đỏ, Hồng','Sản phẩm hoàn thiện cao'),(375,'Chân Váy Hoa Văn','vay34.jpg',350000,17,12,'Còn Hàng','Sản phẩm hoàn thiện cao','S, L, XXL','Trắng, Xanh, Đỏ','Sản phẩm hoàn thiện cao'),(376,'Chân Váy Giả Da','vay35.jpg',250000,18,12,'Còn Hàng','Sản phẩm hoàn thiện cao','L, XXL','Trắng, Xanh, Đỏ, Nâu','Sản phẩm hoàn thiện cao'),(377,'Chân Váy Xọc Đỏ Đen','vay36.jpg',340000,17,12,'Còn Hàng','Sản phẩm hoàn thiện cao','S, M, XL','Trắng, Xanh, Đỏ, Hồng','Sản phẩm hoàn thiện cao'),(378,'Chân Váy Học Sinh Nhật','vay37.jpg',340000,15,12,'Còn Hàng','Sản phẩm hoàn thiện cao','S, L, XL','Trắng, Xanh, Đỏ, Hồng','Sản phẩm hoàn thiện cao'),(379,'Chân Váy Công Sở F324','vay38.jpg',190000,18,12,'Còn Hàng','Sản phẩm hoàn thiện cao','S, XL','Trắng, Xanh, Đỏ, Hồng','Sản phẩm hoàn thiện cao'),(380,'Chân Váy Xanh Cloreu','vay39.jpg',350000,19,12,'Còn Hàng','Sản phẩm hoàn thiện cao','S, L, XXL','Trắng, Xanh, Đỏ','Sản phẩm hoàn thiện cao'),(381,'Chân Váy 3 Lớp Fashi','vay40.jpg',250000,14,12,'Còn Hàng','Sản phẩm hoàn thiện cao','L, XXL','Trắng, Xanh, Đỏ, Nâu','Sản phẩm hoàn thiện cao'),(382,'Chân Váy 2 Lớp Chéo Nhau','vay41.jpg',190000,19,12,'Còn Hàng','Sản phẩm hoàn thiện cao','S, XL','Trắng, Xanh, Đỏ, Hồng','Sản phẩm hoàn thiện cao'),(383,'Chân Váy 2 Lớp FA23','vay42.jpg',350000,20,12,'Còn Hàng','Sản phẩm hoàn thiện cao','S, L, XXL','Trắng, Xanh, Đỏ','Sản phẩm hoàn thiện cao'),(384,'Chân Váy D43','vay43.jpg',190000,16,12,'Còn Hàng','Sản phẩm hoàn thiện cao','S, XL','Trắng, Xanh, Đỏ, Hồng','Sản phẩm hoàn thiện cao'),(385,'Chân Váy Dào Đai Nơ','vay44.jpg',350000,23,12,'Còn Hàng','Sản phẩm hoàn thiện cao','S, L, XXL','Trắng, Xanh, Đỏ','Sản phẩm hoàn thiện cao'),(386,'Chân Váy Chất Liệu Da D12','vay45.jpg',250000,22,12,'Còn Hàng','Sản phẩm hoàn thiện cao','L, XXL','Trắng, Xanh, Đỏ, Nâu','Sản phẩm hoàn thiện cao'),(387,'Chan Váy 2 Lớp Màn','vay46.jpg',340000,24,12,'Còn Hàng','Sản phẩm hoàn thiện cao','S, M, XL','Trắng, Xanh, Đỏ, Hồng','Sản phẩm hoàn thiện cao'),(388,'Chân Váy Ôm Eo Sát F87','vay47.jpeg',340000,21,12,'Còn Hàng','Sản phẩm hoàn thiện cao','S, L, XL','Trắng, Xanh, Đỏ, Hồng','Sản phẩm hoàn thiện cao'),(389,'Chân Váy Công Sở E34','vay48.jpg',190000,20,12,'Còn Hàng','Sản phẩm hoàn thiện cao','S, XL','Trắng, Xanh, Đỏ, Hồng','Sản phẩm hoàn thiện cao'),(390,'Chân Váy Công Sở G55','vay49.jpg',350000,19,12,'Còn Hàng','Sản phẩm hoàn thiện cao','S, L, XXL','Trắng, Xanh, Đỏ','Sản phẩm hoàn thiện cao'),(391,'Chân Váy Giả Quần Adias','vay50.jpg',250000,17,12,'Còn Hàng','Sản phẩm hoàn thiện cao','L, XXL','Trắng, Xanh, Đỏ, Nâu','Sản phẩm hoàn thiện cao'),(392,'Chân Váy Giả Da R312','vay51.jpg',190000,25,12,'Còn Hàng','Sản phẩm hoàn thiện cao','S, XL','Trắng, Xanh, Đỏ, Hồng','Sản phẩm hoàn thiện cao'),(393,'Chân Váy Hình Lá ','vay52.jpg',350000,24,12,'Còn Hàng','Sản phẩm hoàn thiện cao','S, L, XXL','Trắng, Xanh, Đỏ','Sản phẩm hoàn thiện cao'),(394,'Chân Váy Trắng Suống','vay53.jpg',190000,26,12,'Còn Hàng','Sản phẩm hoàn thiện cao','S, XL','Trắng, Xanh, Đỏ, Hồng','Sản phẩm hoàn thiện cao'),(395,'Chân Váy Da Cá W321','vay54.jpg',350000,25,12,'Còn Hàng','Sản phẩm hoàn thiện cao','S, L, XXL','Trắng, Xanh, Đỏ','Sản phẩm hoàn thiện cao'),(396,'Chân Váy Công Sở Diac','vay55.jpg',250000,22,12,'Còn Hàng','Sản phẩm hoàn thiện cao','L, XXL','Trắng, Xanh, Đỏ, Nâu','Sản phẩm hoàn thiện cao'),(397,'Chân Váy Công Sở Dduias','vay56.jpg',340000,26,12,'Còn Hàng','Sản phẩm hoàn thiện cao','S, M, XL','Trắng, Xanh, Đỏ, Hồng','Sản phẩm hoàn thiện cao'),(398,'Đầm Tay Ngắn Kiểu Pháp F342','dam1.jpg',190000,2,12,'Còn Hàng','Sản phẩm hoàn thiện cao','S, XL','Trắng, Xanh, Đỏ, Hồng','Sản phẩm hoàn thiện cao'),(399,'Đầm Không Cánh Tay R232','dam2.jpg',350000,3,12,'Còn Hàng','Sản phẩm hoàn thiện cao','S, L, XXL','Trắng, Xanh, Đỏ','Sản phẩm hoàn thiện cao'),(400,'Đầm Không Cánh Tay K2','dam3.jpg',190000,6,12,'Còn Hàng','Sản phẩm hoàn thiện cao','S, XL','Trắng, Xanh, Đỏ, Hồng','Sản phẩm hoàn thiện cao'),(401,'Đầm Không Cánh Tay D321','dam4.jpg',350000,5,12,'Còn Hàng','Sản phẩm hoàn thiện cao','S, L, XXL','Trắng, Xanh, Đỏ','Sản phẩm hoàn thiện cao'),(402,'Đầm Không Cánh Tay O23','dam5.jpg',190000,3,12,'Còn Hàng','Sản phẩm hoàn thiện cao','S, XL','Trắng, Xanh, Đỏ, Hồng','Sản phẩm hoàn thiện cao'),(403,'Đầm Tay Ngắn Kiểu Pháp DS123','dam6.jpg',350000,1,12,'Còn Hàng','Sản phẩm hoàn thiện cao','S, L, XXL','Trắng, Xanh, Đỏ','Sản phẩm hoàn thiện cao'),(404,'Đầm Cổ Tim Kiểu Pháp','dam7.jpg',190000,26,12,'Còn Hàng','Sản phẩm hoàn thiện cao','S, XL','Trắng, Xanh, Đỏ, Hồng','Sản phẩm hoàn thiện cao'),(405,'Đầm Không Tay Cộc D2','dam8.jpg',350000,25,12,'Còn Hàng','Sản phẩm hoàn thiện cao','S, L, XXL','Trắng, Xanh, Đỏ','Sản phẩm hoàn thiện cao'),(406,'Đầm Trễ Vai Kiểu Mỹ','dam9.jpg',250000,22,12,'Còn Hàng','Sản phẩm hoàn thiện cao','L, XXL','Trắng, Xanh, Đỏ, Nâu','Sản phẩm hoàn thiện cao'),(407,'Đầm Form Rộng Cho Bà Bầu','dam10.jpg',340000,4,12,'Còn Hàng','Sản phẩm hoàn thiện cao','S, M, XL','Trắng, Xanh, Đỏ, Hồng','Sản phẩm hoàn thiện cao'),(408,'Đàm Dạ Hội Mỹ F3','dam11.jpg',190000,5,12,'Còn Hàng','Sản phẩm hoàn thiện cao','S, XL','Trắng, Xanh, Đỏ, Hồng','Sản phẩm hoàn thiện cao'),(409,'Đầm Văn Phòng Cá Tính','dam12.jpg',350000,7,12,'Còn Hàng','Sản phẩm hoàn thiện cao','S, L, XXL','Trắng, Xanh, Đỏ','Sản phẩm hoàn thiện cao'),(410,'Đầm Không Cánh Tay Trắng Pháp','dam13.jpg',190000,7,12,'Còn Hàng','Sản phẩm hoàn thiện cao','S, XL','Trắng, Xanh, Đỏ, Hồng','Sản phẩm hoàn thiện cao'),(411,'Đầm Tay Ngắn Kiểu Pháp SDA312','dam14.jpg',350000,6,12,'Còn Hàng','Sản phẩm hoàn thiện cao','S, L, XXL','Trắng, Xanh, Đỏ','Sản phẩm hoàn thiện cao'),(412,'Đầm Truyền Thống Canada','dam15.jpg',190000,8,12,'Còn Hàng','Sản phẩm hoàn thiện cao','S, XL','Trắng, Xanh, Đỏ, Hồng','Sản phẩm hoàn thiện cao'),(413,'Đầm Không Cánh Tay Xanh Rêu','dam16.jpg',350000,9,12,'Còn Hàng','Sản phẩm hoàn thiện cao','S, L, XXL','Trắng, Xanh, Đỏ','Sản phẩm hoàn thiện cao'),(414,'Đầm Không Cánh Tay Sọ Ngang','dam17.jpg',190000,6,12,'Còn Hàng','Sản phẩm hoàn thiện cao','S, XL','Trắng, Xanh, Đỏ, Hồng','Sản phẩm hoàn thiện cao'),(415,'Đầm Cánh Tay Ngắn Sọc Ngang','dam18.jpg',350000,8,12,'Còn Hàng','Sản phẩm hoàn thiện cao','S, L, XXL','Trắng, Xanh, Đỏ','Sản phẩm hoàn thiện cao'),(416,'Váy Công Chúa Oraliy','dam19.jpg',250000,9,12,'Còn Hàng','Sản phẩm hoàn thiện cao','L, XXL','Trắng, Xanh, Đỏ, Nâu','Sản phẩm hoàn thiện cao'),(417,'Đầm Hở Nửa Vai','dam20.jpg',340000,8,12,'Còn Hàng','Sản phẩm hoàn thiện cao','S, M, XL','Trắng, Xanh, Đỏ, Hồng','Sản phẩm hoàn thiện cao'),(418,'Đầm Dã Ngoại Dacase','dam21.jpg',190000,9,12,'Còn Hàng','Sản phẩm hoàn thiện cao','S, XL','Trắng, Xanh, Đỏ, Hồng','Sản phẩm hoàn thiện cao'),(419,'Đàm Dã Ngoại Kimes','dam12.jpg',350000,10,12,'Còn Hàng','Sản phẩm hoàn thiện cao','S, L, XXL','Trắng, Xanh, Đỏ','Sản phẩm hoàn thiện cao'),(420,'Đầm Dài Tay Saca','dam23.jpg',190000,11,12,'Còn Hàng','Sản phẩm hoàn thiện cao','S, XL','Trắng, Xanh, Đỏ, Hồng','Sản phẩm hoàn thiện cao'),(421,'Đầm Tay Ngắn Kiểu Pháp Eax123','dam24.jpg',350000,11,12,'Còn Hàng','Sản phẩm hoàn thiện cao','S, L, XXL','Trắng, Xanh, Đỏ','Sản phẩm hoàn thiện cao'),(422,'Đầm Dài Tay G9','dam25.jpg',190000,8,12,'Còn Hàng','Sản phẩm hoàn thiện cao','S, XL','Trắng, Xanh, Đỏ, Hồng','Sản phẩm hoàn thiện cao'),(423,'Đầm Giả Áo Dài From','dam26.jpeg',350000,13,12,'Còn Hàng','Sản phẩm hoàn thiện cao','S, L, XXL','Trắng, Xanh, Đỏ','Sản phẩm hoàn thiện cao'),(424,'Đầm Không Cánh Tay FAS','dam27.jpg',190000,13,12,'Còn Hàng','Sản phẩm hoàn thiện cao','S, XL','Trắng, Xanh, Đỏ, Hồng','Sản phẩm hoàn thiện cao'),(425,'Đầm Đi Mua Sắm Daci','dam28.jpg',350000,10,12,'Còn Hàng','Sản phẩm hoàn thiện cao','S, L, XXL','Trắng, Xanh, Đỏ','Sản phẩm hoàn thiện cao'),(426,'Đầm Công Sở Diaxax','dam29.jpg',250000,12,12,'Còn Hàng','Sản phẩm hoàn thiện cao','L, XXL','Trắng, Xanh, Đỏ, Nâu','Sản phẩm hoàn thiện cao'),(427,'Đầm Dài Tay H9','dam30.jpg',340000,8,12,'Còn Hàng','Sản phẩm hoàn thiện cao','S, M, XL','Trắng, Xanh, Đỏ, Hồng','Sản phẩm hoàn thiện cao'),(428,'Đầm Không Cánh Tay P55','dam31.jpg',190000,15,12,'Còn Hàng','Sản phẩm hoàn thiện cao','S, XL','Trắng, Xanh, Đỏ, Hồng','Sản phẩm hoàn thiện cao'),(429,'Đầm 2 Dây Hoạ Tiết','dam32.jpg',350000,17,12,'Còn Hàng','Sản phẩm hoàn thiện cao','S, L, XXL','Trắng, Xanh, Đỏ','Sản phẩm hoàn thiện cao'),(430,'Đầm Giả Áo Dài Form H2','dam33.jpg',190000,18,12,'Còn Hàng','Sản phẩm hoàn thiện cao','S, XL','Trắng, Xanh, Đỏ, Hồng','Sản phẩm hoàn thiện cao'),(431,'Đầm Không Cánh Tay Q12','dam34.jpg',350000,16,12,'Còn Hàng','Sản phẩm hoàn thiện cao','S, L, XXL','Trắng, Xanh, Đỏ','Sản phẩm hoàn thiện cao'),(432,'Đầm Trễ Vai Kiểu Mỹ K44','dam35.jpg',190000,19,12,'Còn Hàng','Sản phẩm hoàn thiện cao','S, XL','Trắng, Xanh, Đỏ, Hồng','Sản phẩm hoàn thiện cao'),(433,'Đầm Dài Tay Ksac','dam36.jpg',350000,17,12,'Còn Hàng','Sản phẩm hoàn thiện cao','S, L, XXL','Trắng, Xanh, Đỏ','Sản phẩm hoàn thiện cao'),(434,'Đầm 2 Dây Châu Phi','dam37.jpg',190000,18,12,'Còn Hàng','Sản phẩm hoàn thiện cao','S, XL','Trắng, Xanh, Đỏ, Hồng','Sản phẩm hoàn thiện cao'),(435,'Đầm 2 Dây Họa Tiết R4','dam38.jpg',350000,15,12,'Còn Hàng','Sản phẩm hoàn thiện cao','S, L, XXL','Trắng, Xanh, Đỏ','Sản phẩm hoàn thiện cao'),(436,'Đầm 2 Dây Mùa Hè','dam39.jpg',250000,18,12,'Còn Hàng','Sản phẩm hoàn thiện cao','L, XXL','Trắng, Xanh, Đỏ, Nâu','Sản phẩm hoàn thiện cao'),(437,'Đầm 2 Dây Cổ Tim','dam40.jpg',340000,18,12,'Còn Hàng','Sản phẩm hoàn thiện cao','S, M, XL','Trắng, Xanh, Đỏ, Hồng','Sản phẩm hoàn thiện cao'),(438,'Đầm 2 Dây Miali','dam41.jpg',190000,19,12,'Còn Hàng','Sản phẩm hoàn thiện cao','S, XL','Trắng, Xanh, Đỏ, Hồng','Sản phẩm hoàn thiện cao'),(439,'Đầm Công Sở Liacas','dam42.jpg',350000,19,12,'Còn Hàng','Sản phẩm hoàn thiện cao','S, L, XXL','Trắng, Xanh, Đỏ','Sản phẩm hoàn thiện cao'),(440,'Đầm 2 Dây Cho Bà Bầu','dam43.jpg',190000,20,12,'Còn Hàng','Sản phẩm hoàn thiện cao','S, XL','Trắng, Xanh, Đỏ, Hồng','Sản phẩm hoàn thiện cao'),(441,'Đầm Không Cánh Tay R3','dam44.jpg',350000,22,12,'Còn Hàng','Sản phẩm hoàn thiện cao','S, L, XXL','Trắng, Xanh, Đỏ','Sản phẩm hoàn thiện cao'),(442,'Đầm Trễ Vai Ki23','dam45.jpg',190000,19,12,'Còn Hàng','Sản phẩm hoàn thiện cao','S, XL','Trắng, Xanh, Đỏ, Hồng','Sản phẩm hoàn thiện cao'),(443,'Đầm Tay Ngắn Kiểu Pháp L23','dam46.jpg',350000,25,12,'Còn Hàng','Sản phẩm hoàn thiện cao','S, L, XXL','Trắng, Xanh, Đỏ','Sản phẩm hoàn thiện cao'),(444,'Đầm Dài Tay K12','dam47.jpg',190000,21,12,'Còn Hàng','Sản phẩm hoàn thiện cao','S, XL','Trắng, Xanh, Đỏ, Hồng','Sản phẩm hoàn thiện cao'),(445,'Đầm Truyền Thống Trung Quốc','dam48.jpg',350000,24,12,'Còn Hàng','Sản phẩm hoàn thiện cao','S, L, XXL','Trắng, Xanh, Đỏ','Sản phẩm hoàn thiện cao'),(446,'Đầm Công Sở Dài Tay','dam49.jpeg',250000,25,12,'Còn Hàng','Sản phẩm hoàn thiện cao','L, XXL','Trắng, Xanh, Đỏ, Nâu','Sản phẩm hoàn thiện cao'),(447,'Đầm Trễ Vai Kiểu Mỹ T56','dam50.jpg',340000,21,12,'Còn Hàng','Sản phẩm hoàn thiện cao','S, M, XL','Trắng, Xanh, Đỏ, Hồng','Sản phẩm hoàn thiện cao'),(448,'Đầm Form Rộng Cho Bà Bầu R442','dam51.jpg',190000,26,12,'Còn Hàng','Sản phẩm hoàn thiện cao','S, XL','Trắng, Xanh, Đỏ, Hồng','Sản phẩm hoàn thiện cao'),(449,'Đầm Du Lịch Kais','dam52.jpg',350000,27,12,'Còn Hàng','Sản phẩm hoàn thiện cao','S, L, XXL','Trắng, Xanh, Đỏ','Sản phẩm hoàn thiện cao'),(450,'Đầm 2 Dây Bó Ngực','dam53.jpg',190000,24,12,'Còn Hàng','Sản phẩm hoàn thiện cao','S, XL','Trắng, Xanh, Đỏ, Hồng','Sản phẩm hoàn thiện cao'),(451,'Đầm 2 Dây Hoạ Tiết Hình','dam54.jpg',350000,26,12,'Còn Hàng','Sản phẩm hoàn thiện cao','S, L, XXL','Trắng, Xanh, Đỏ','Sản phẩm hoàn thiện cao'),(452,'Đầm 2 Dây Jean','dam55.jpeg',190000,25,12,'Còn Hàng','Sản phẩm hoàn thiện cao','S, XL','Trắng, Xanh, Đỏ, Hồng','Sản phẩm hoàn thiện cao'),(453,'Đồ Bơi B111','boi1.jpg',400000,4,14,'Còn Hàng','Sản phẩm hoàn thiện cao','S, M, XL','Trắng, Xanh, Đỏ, Hồng','Sản phẩm hoàn thiện cao'),(454,'Đồ Bơi B112','boi2.jpg',370000,2,14,'Còn Hàng','Sản phẩm hoàn thiện cao','S, L, XXL','Trắng, Xanh, Đỏ','Sản phẩm hoàn thiện cao'),(455,'Đồ Bơi B113','boi3.jpg',230000,5,14,'Còn Hàng','Sản phẩm hoàn thiện cao','S, L, XL','Trắng, Xanh, Đỏ, Hồng','Sản phẩm hoàn thiện cao'),(456,'Đồ Bơi B114','boi4.jpg',350000,2,14,'Còn Hàng','Sản phẩm hoàn thiện cao','S, L, XXL','Trắng, Xanh, Đỏ','Sản phẩm hoàn thiện cao'),(457,'Đồ Bơi B115','boi5.jpg',270000,3,14,'Còn Hàng','Sản phẩm hoàn thiện cao','S, M, XL','Trắng, Xanh, Đỏ, Hồng','Sản phẩm hoàn thiện cao'),(458,'Đồ Bơi B116','boi6.jpg',350000,1,14,'Còn Hàng','Sản phẩm hoàn thiện cao','S, L, XXL','Trắng, Xanh, Đỏ','Sản phẩm hoàn thiện cao'),(459,'Đồ Bơi B117','boi7.jpg',430000,5,14,'Còn Hàng','Sản phẩm hoàn thiện cao','S, M, L, XL','Trắng, Xanh, Đỏ, Hồng','Sản phẩm hoàn thiện cao'),(460,'Đồ Bơi B118','boi8.jpg',500000,4,14,'Còn Hàng','Sản phẩm hoàn thiện cao','S, L, XXL','Trắng, Xanh, Đỏ','Sản phẩm hoàn thiện cao'),(461,'Đồ Bơi B119','boi9.jpg',520000,5,14,'Còn Hàng','Sản phẩm hoàn thiện cao','M, L, XXL','Trắng, Xanh, Đỏ, Nâu','Sản phẩm hoàn thiện cao'),(462,'Đồ Bơi B120','boi10.jpg',240000,2,14,'Còn Hàng','Sản phẩm hoàn thiện cao','S, M, XL','Trắng, Xanh, Đỏ, Hồng','Sản phẩm hoàn thiện cao'),(463,'Đồ Bơi B121','boi11.jpg',400000,6,14,'Còn Hàng','Sản phẩm hoàn thiện cao','S, M, XL','Trắng, Xanh, Đỏ, Hồng','Sản phẩm hoàn thiện cao'),(464,'Đồ Bơi B122','boi12.jpg',370000,8,14,'Còn Hàng','Sản phẩm hoàn thiện cao','S, L, XXL','Trắng, Xanh, Đỏ','Sản phẩm hoàn thiện cao'),(465,'Đồ Bơi B123','boi13.jpg',230000,6,14,'Còn Hàng','Sản phẩm hoàn thiện cao','S, L, XL','Trắng, Xanh, Đỏ, Hồng','Sản phẩm hoàn thiện cao'),(466,'Đồ Bơi B124','boi14.jpg',350000,7,14,'Còn Hàng','Sản phẩm hoàn thiện cao','S, L, XXL','Trắng, Xanh, Đỏ','Sản phẩm hoàn thiện cao'),(467,'Đồ Bơi B125','boi15.jpg',270000,9,14,'Còn Hàng','Sản phẩm hoàn thiện cao','S, M, XL','Trắng, Xanh, Đỏ, Hồng','Sản phẩm hoàn thiện cao'),(468,'Đồ Bơi B126','boi16.jpg',350000,8,14,'Còn Hàng','Sản phẩm hoàn thiện cao','S, L, XXL','Trắng, Xanh, Đỏ','Sản phẩm hoàn thiện cao'),(469,'Đồ Bơi B127','boi17.jpg',430000,5,14,'Còn Hàng','Sản phẩm hoàn thiện cao','S, M, L, XL','Trắng, Xanh, Đỏ, Hồng','Sản phẩm hoàn thiện cao'),(470,'Đồ Bơi B128','boi18.jpg',500000,10,14,'Còn Hàng','Sản phẩm hoàn thiện cao','S, L, XXL','Trắng, Xanh, Đỏ','Sản phẩm hoàn thiện cao'),(471,'Đồ Bơi B129','boi19.jpg',520000,7,14,'Còn Hàng','Sản phẩm hoàn thiện cao','M, L, XXL','Trắng, Xanh, Đỏ, Nâu','Sản phẩm hoàn thiện cao'),(472,'Đồ Bơi B130','boi20.jpg',240000,6,14,'Còn Hàng','Sản phẩm hoàn thiện cao','S, M, XL','Trắng, Xanh, Đỏ, Hồng','Sản phẩm hoàn thiện cao'),(473,'Đồ Bơi B131','boi21.jpg',400000,11,14,'Còn Hàng','Sản phẩm hoàn thiện cao','S, M, XL','Trắng, Xanh, Đỏ, Hồng','Sản phẩm hoàn thiện cao'),(474,'Đồ Bơi B132','boi22.jpg',370000,14,14,'Còn Hàng','Sản phẩm hoàn thiện cao','S, L, XXL','Trắng, Xanh, Đỏ','Sản phẩm hoàn thiện cao'),(475,'Đồ Bơi B133','boi23.jpg',230000,13,14,'Còn Hàng','Sản phẩm hoàn thiện cao','S, L, XL','Trắng, Xanh, Đỏ, Hồng','Sản phẩm hoàn thiện cao'),(476,'Đồ Bơi B134','boi24.jpg',350000,12,14,'Còn Hàng','Sản phẩm hoàn thiện cao','S, L, XXL','Trắng, Xanh, Đỏ','Sản phẩm hoàn thiện cao'),(477,'Đồ Bơi B135','boi25.jpg',270000,10,14,'Còn Hàng','Sản phẩm hoàn thiện cao','S, M, XL','Trắng, Xanh, Đỏ, Hồng','Sản phẩm hoàn thiện cao'),(478,'Đồ Bơi B136','boi26.jpg',350000,15,14,'Còn Hàng','Sản phẩm hoàn thiện cao','S, L, XXL','Trắng, Xanh, Đỏ','Sản phẩm hoàn thiện cao'),(479,'Đồ Bơi B137','boi27.jpg',430000,15,14,'Còn Hàng','Sản phẩm hoàn thiện cao','S, M, L, XL','Trắng, Xanh, Đỏ, Hồng','Sản phẩm hoàn thiện cao'),(480,'Đồ Bơi B138','boi28.jpg',500000,10,14,'Còn Hàng','Sản phẩm hoàn thiện cao','S, L, XXL','Trắng, Xanh, Đỏ','Sản phẩm hoàn thiện cao'),(481,'Đồ Bơi B139','boi29.jpg',520000,13,14,'Còn Hàng','Sản phẩm hoàn thiện cao','M, L, XXL','Trắng, Xanh, Đỏ, Nâu','Sản phẩm hoàn thiện cao'),(482,'Đồ Bơi B140','boi20.jpg',240000,12,14,'Còn Hàng','Sản phẩm hoàn thiện cao','S, M, XL','Trắng, Xanh, Đỏ, Hồng','Sản phẩm hoàn thiện cao'),(483,'Đồ Bơi B141','boi31.jpg',400000,20,14,'Còn Hàng','Sản phẩm hoàn thiện cao','S, M, XL','Trắng, Xanh, Đỏ, Hồng','Sản phẩm hoàn thiện cao'),(484,'Đồ Bơi B142','boi32.jpg',370000,18,14,'Còn Hàng','Sản phẩm hoàn thiện cao','S, L, XXL','Trắng, Xanh, Đỏ','Sản phẩm hoàn thiện cao'),(485,'Đồ Bơi B143','boi33.jpg',230000,25,14,'Còn Hàng','Sản phẩm hoàn thiện cao','S, L, XL','Trắng, Xanh, Đỏ, Hồng','Sản phẩm hoàn thiện cao'),(486,'Đồ Bơi B144','boi34.jpg',350000,16,14,'Còn Hàng','Sản phẩm hoàn thiện cao','S, L, XXL','Trắng, Xanh, Đỏ','Sản phẩm hoàn thiện cao'),(487,'Đồ Bơi B145','boi35.jpg',270000,18,14,'Còn Hàng','Sản phẩm hoàn thiện cao','S, M, XL','Trắng, Xanh, Đỏ, Hồng','Sản phẩm hoàn thiện cao'),(488,'Đồ Bơi B146','boi36.jpg',350000,27,14,'Còn Hàng','Sản phẩm hoàn thiện cao','S, L, XXL','Trắng, Xanh, Đỏ','Sản phẩm hoàn thiện cao'),(489,'Đồ Bơi B147','boi37.jpg',430000,29,14,'Còn Hàng','Sản phẩm hoàn thiện cao','S, M, L, XL','Trắng, Xanh, Đỏ, Hồng','Sản phẩm hoàn thiện cao'),(490,'Đồ Bơi B148','boi38.jpg',500000,21,14,'Còn Hàng','Sản phẩm hoàn thiện cao','S, L, XXL','Trắng, Xanh, Đỏ','Sản phẩm hoàn thiện cao'),(491,'Đồ Ngủ N001','ngu1.jpg',400000,2,3,'Còn Hàng','Sản phẩm hoàn thiện cao','S, M, XL','Trắng, Xanh, Đỏ, Hồng','Sản phẩm hoàn thiện cao'),(492,'Đồ Ngủ N002','ngu2.jpg',370000,1,3,'Còn Hàng','Sản phẩm hoàn thiện cao','S, L, XXL','Trắng, Xanh, Đỏ','Sản phẩm hoàn thiện cao'),(493,'Đồ Ngủ N003','ngu3.jpg',230000,5,3,'Còn Hàng','Sản phẩm hoàn thiện cao','S, L, XL','Trắng, Xanh, Đỏ, Hồng','Sản phẩm hoàn thiện cao'),(494,'Đồ Ngủ N004','ngu4.jpg',350000,6,3,'Còn Hàng','Sản phẩm hoàn thiện cao','S, L, XXL','Trắng, Xanh, Đỏ','Sản phẩm hoàn thiện cao'),(495,'Đồ Ngủ N005','ngu5.jpg',270000,4,3,'Còn Hàng','Sản phẩm hoàn thiện cao','S, M, XL','Trắng, Xanh, Đỏ, Hồng','Sản phẩm hoàn thiện cao'),(496,'Đồ Ngủ N006','ngu6.jpg',350000,4,3,'Còn Hàng','Sản phẩm hoàn thiện cao','S, L, XXL','Trắng, Xanh, Đỏ','Sản phẩm hoàn thiện cao'),(497,'Đồ Ngủ N007','ngu7.jpg',430000,3,3,'Còn Hàng','Sản phẩm hoàn thiện cao','S, M, L, XL','Trắng, Xanh, Đỏ, Hồng','Sản phẩm hoàn thiện cao'),(498,'Đồ Ngủ N008','ngu8.jpg',500000,2,3,'Còn Hàng','Sản phẩm hoàn thiện cao','S, L, XXL','Trắng, Xanh, Đỏ','Sản phẩm hoàn thiện cao'),(499,'Đồ Ngủ N009','ngu9.jpg',430000,1,3,'Còn Hàng','Sản phẩm hoàn thiện cao','S, M, L, XL','Trắng, Xanh, Đỏ, Hồng','Sản phẩm hoàn thiện cao'),(500,'Đồ Ngủ N010','ngu10.jpg',500000,4,3,'Còn Hàng','Sản phẩm hoàn thiện cao','S, L, XXL','Trắng, Xanh, Đỏ','Sản phẩm hoàn thiện cao'),(501,'Đồ Ngủ N011','ngu11.jpg',400000,5,3,'Còn Hàng','Sản phẩm hoàn thiện cao','S, M, XL','Trắng, Xanh, Đỏ, Hồng','Sản phẩm hoàn thiện cao'),(502,'Đồ Ngủ N012','ngu12.jpg',370000,6,3,'Còn Hàng','Sản phẩm hoàn thiện cao','S, L, XXL','Trắng, Xanh, Đỏ','Sản phẩm hoàn thiện cao'),(503,'Đồ Ngủ N013','ngu13.jpg',230000,4,3,'Còn Hàng','Sản phẩm hoàn thiện cao','S, L, XL','Trắng, Xanh, Đỏ, Hồng','Sản phẩm hoàn thiện cao'),(504,'Đồ Ngủ N014','ngu14.jpg',350000,8,3,'Còn Hàng','Sản phẩm hoàn thiện cao','S, L, XXL','Trắng, Xanh, Đỏ','Sản phẩm hoàn thiện cao'),(505,'Đồ Ngủ N015','ngu15.jpg',270000,7,3,'Còn Hàng','Sản phẩm hoàn thiện cao','S, M, XL','Trắng, Xanh, Đỏ, Hồng','Sản phẩm hoàn thiện cao'),(506,'Đồ Ngủ N016','ngu16.jpg',350000,9,3,'Còn Hàng','Sản phẩm hoàn thiện cao','S, L, XXL','Trắng, Xanh, Đỏ','Sản phẩm hoàn thiện cao'),(507,'Đồ Ngủ N017','ngu17.jpg',430000,10,3,'Còn Hàng','Sản phẩm hoàn thiện cao','S, M, L, XL','Trắng, Xanh, Đỏ, Hồng','Sản phẩm hoàn thiện cao'),(508,'Đồ Ngủ N018','ngu18.jpg',500000,7,3,'Còn Hàng','Sản phẩm hoàn thiện cao','S, L, XXL','Trắng, Xanh, Đỏ','Sản phẩm hoàn thiện cao'),(509,'Đồ Ngủ N019','ngu19.jpg',430000,8,3,'Còn Hàng','Sản phẩm hoàn thiện cao','S, M, L, XL','Trắng, Xanh, Đỏ, Hồng','Sản phẩm hoàn thiện cao'),(510,'Đồ Ngủ N020','ngu20.jpg',500000,9,3,'Còn Hàng','Sản phẩm hoàn thiện cao','S, L, XXL','Trắng, Xanh, Đỏ','Sản phẩm hoàn thiện cao'),(511,'Đồ Ngủ N021','ngu21.jpg',400000,10,3,'Còn Hàng','Sản phẩm hoàn thiện cao','S, M, XL','Trắng, Xanh, Đỏ, Hồng','Sản phẩm hoàn thiện cao'),(512,'Đồ Ngủ N022','ngu22.jpg',370000,12,3,'Còn Hàng','Sản phẩm hoàn thiện cao','S, L, XXL','Trắng, Xanh, Đỏ','Sản phẩm hoàn thiện cao'),(513,'Đồ Ngủ N023','ngu23.jpg',230000,11,3,'Còn Hàng','Sản phẩm hoàn thiện cao','S, L, XL','Trắng, Xanh, Đỏ, Hồng','Sản phẩm hoàn thiện cao'),(514,'Đồ Ngủ N024','ngu24.jpg',350000,14,3,'Còn Hàng','Sản phẩm hoàn thiện cao','S, L, XXL','Trắng, Xanh, Đỏ','Sản phẩm hoàn thiện cao'),(515,'Đồ Ngủ N025','ngu25.jpg',270000,13,3,'Còn Hàng','Sản phẩm hoàn thiện cao','S, M, XL','Trắng, Xanh, Đỏ, Hồng','Sản phẩm hoàn thiện cao'),(516,'Đồ Ngủ N026','ngu26.jpg',350000,15,3,'Còn Hàng','Sản phẩm hoàn thiện cao','S, L, XXL','Trắng, Xanh, Đỏ','Sản phẩm hoàn thiện cao'),(517,'Đồ Ngủ N027','ngu27.jpg',430000,10,3,'Còn Hàng','Sản phẩm hoàn thiện cao','S, M, L, XL','Trắng, Xanh, Đỏ, Hồng','Sản phẩm hoàn thiện cao'),(518,'Đồ Ngủ N028','ngu28.jpg',500000,16,3,'Còn Hàng','Sản phẩm hoàn thiện cao','S, L, XXL','Trắng, Xanh, Đỏ','Sản phẩm hoàn thiện cao'),(519,'Đồ Ngủ N029','ngu29.jpg',430000,13,3,'Còn Hàng','Sản phẩm hoàn thiện cao','S, M, L, XL','Trắng, Xanh, Đỏ, Hồng','Sản phẩm hoàn thiện cao'),(520,'Đồ Ngủ N030','ngu30.jpg',500000,12,3,'Còn Hàng','Sản phẩm hoàn thiện cao','S, L, XXL','Trắng, Xanh, Đỏ','Sản phẩm hoàn thiện cao'),(521,'Đồ Ngủ N031','ngu31.jpg',400000,15,3,'Còn Hàng','Sản phẩm hoàn thiện cao','S, M, XL','Trắng, Xanh, Đỏ, Hồng','Sản phẩm hoàn thiện cao'),(522,'Đồ Ngủ N032','ngu32.jpg',370000,16,3,'Còn Hàng','Sản phẩm hoàn thiện cao','S, L, XXL','Trắng, Xanh, Đỏ','Sản phẩm hoàn thiện cao'),(523,'Đồ Ngủ N033','ngu33.jpg',230000,17,3,'Còn Hàng','Sản phẩm hoàn thiện cao','S, L, XL','Trắng, Xanh, Đỏ, Hồng','Sản phẩm hoàn thiện cao'),(524,'Đồ Ngủ N034','ngu34.jpg',350000,15,3,'Còn Hàng','Sản phẩm hoàn thiện cao','S, L, XXL','Trắng, Xanh, Đỏ','Sản phẩm hoàn thiện cao'),(525,'Đồ Ngủ N035','ngu35.jpg',270000,19,3,'Còn Hàng','Sản phẩm hoàn thiện cao','S, M, XL','Trắng, Xanh, Đỏ, Hồng','Sản phẩm hoàn thiện cao'),(526,'Đồ Ngủ N036','ngu36.jpg',350000,18,3,'Còn Hàng','Sản phẩm hoàn thiện cao','S, L, XXL','Trắng, Xanh, Đỏ','Sản phẩm hoàn thiện cao'),(527,'Đồ Ngủ N037','ngu37.jpg',430000,15,3,'Còn Hàng','Sản phẩm hoàn thiện cao','S, M, L, XL','Trắng, Xanh, Đỏ, Hồng','Sản phẩm hoàn thiện cao'),(528,'Đồ Ngủ N038','ngu38.jpg',500000,17,3,'Còn Hàng','Sản phẩm hoàn thiện cao','S, L, XXL','Trắng, Xanh, Đỏ','Sản phẩm hoàn thiện cao'),(529,'Đồ Ngủ N039','ngu39.jpg',430000,16,3,'Còn Hàng','Sản phẩm hoàn thiện cao','S, M, L, XL','Trắng, Xanh, Đỏ, Hồng','Sản phẩm hoàn thiện cao'),(530,'Đồ Ngủ N040','ngu40.jpg',500000,19,3,'Còn Hàng','Sản phẩm hoàn thiện cao','S, L, XXL','Trắng, Xanh, Đỏ','Sản phẩm hoàn thiện cao'),(531,'Đồ Ngủ N041','ngu41.jpg',400000,19,3,'Còn Hàng','Sản phẩm hoàn thiện cao','S, M, XL','Trắng, Xanh, Đỏ, Hồng','Sản phẩm hoàn thiện cao'),(532,'Đồ Ngủ N042','ngu42.jpg',370000,20,3,'Còn Hàng','Sản phẩm hoàn thiện cao','S, L, XXL','Trắng, Xanh, Đỏ','Sản phẩm hoàn thiện cao'),(533,'Đồ Ngủ N043','ngu43.jpg',230000,18,3,'Còn Hàng','Sản phẩm hoàn thiện cao','S, L, XL','Trắng, Xanh, Đỏ, Hồng','Sản phẩm hoàn thiện cao'),(534,'Đồ Ngủ N044','ngu44.jpg',350000,21,3,'Còn Hàng','Sản phẩm hoàn thiện cao','S, L, XXL','Trắng, Xanh, Đỏ','Sản phẩm hoàn thiện cao'),(535,'Đồ Ngủ N045','ngu45.jpg',270000,22,3,'Còn Hàng','Sản phẩm hoàn thiện cao','S, M, XL','Trắng, Xanh, Đỏ, Hồng','Sản phẩm hoàn thiện cao'),(536,'Đồ Ngủ N046','ngu46.jpg',350000,21,3,'Còn Hàng','Sản phẩm hoàn thiện cao','S, L, XXL','Trắng, Xanh, Đỏ','Sản phẩm hoàn thiện cao'),(537,'Đồ Ngủ N047','ngu47.jpg',430000,19,3,'Còn Hàng','Sản phẩm hoàn thiện cao','S, M, L, XL','Trắng, Xanh, Đỏ, Hồng','Sản phẩm hoàn thiện cao'),(538,'Đồ Ngủ N048','ngu48.jpg',500000,23,3,'Còn Hàng','Sản phẩm hoàn thiện cao','S, L, XXL','Trắng, Xanh, Đỏ','Sản phẩm hoàn thiện cao'),(539,'Đồ Ngủ N049','ngu49.jpg',430000,24,3,'Còn Hàng','Sản phẩm hoàn thiện cao','S, M, L, XL','Trắng, Xanh, Đỏ, Hồng','Sản phẩm hoàn thiện cao'),(540,'Đồ Ngủ N050','ngu50.jpg',500000,22,3,'Còn Hàng','Sản phẩm hoàn thiện cao','S, L, XXL','Trắng, Xanh, Đỏ','Sản phẩm hoàn thiện cao'),(541,'Đồ Ngủ N061','ngu61.jpg',400000,26,3,'Còn Hàng','Sản phẩm hoàn thiện cao','S, M, XL','Trắng, Xanh, Đỏ, Hồng','Sản phẩm hoàn thiện cao'),(542,'Đồ Ngủ N062','ngu62.jpg',370000,25,3,'Còn Hàng','Sản phẩm hoàn thiện cao','S, L, XXL','Trắng, Xanh, Đỏ','Sản phẩm hoàn thiện cao'),(543,'Cặp Áo Phao Giữ Nhiệt FLAT','doi1.jpg',400000,5,5,'Còn Hàng','Sản phẩm hoàn thiện cao','S, M, XL','Trắng, Xanh, Đỏ, Hồng','Sản phẩm hoàn thiện cao'),(544,'Cặp Áo Sơ Mi Nam Nữ Klinad','doi2.jpg',370000,3,5,'Còn Hàng','Sản phẩm hoàn thiện cao','S, L, XXL','Trắng, Xanh, Đỏ','Sản phẩm hoàn thiện cao'),(545,'Cặp Áo Phông Trắng Kiacsic','doi3.jpg',230000,2,5,'Còn Hàng','Sản phẩm hoàn thiện cao','S, L, XL','Trắng, Xanh, Đỏ, Hồng','Sản phẩm hoàn thiện cao'),(546,'Cặp Áo Thun Không Cổ Kaclic','doi4.jpg',350000,5,5,'Còn Hàng','Sản phẩm hoàn thiện cao','S, L, XXL','Trắng, Xanh, Đỏ','Sản phẩm hoàn thiện cao'),(547,'Cặp Áo Vest Nam Nữ David','doi5.jpg',270000,8,5,'Còn Hàng','Sản phẩm hoàn thiện cao','S, M, XL','Trắng, Xanh, Đỏ, Hồng','Sản phẩm hoàn thiện cao'),(548,'Cặp Quần Áo Nam Nữ Truyền Thống','doi6.jpg',350000,2,5,'Còn Hàng','Sản phẩm hoàn thiện cao','S, L, XXL','Trắng, Xanh, Đỏ','Sản phẩm hoàn thiện cao'),(549,'Cặp Áo Nam Nữ Trắng Alico','doi7.jpg',430000,3,5,'Còn Hàng','Sản phẩm hoàn thiện cao','S, M, L, XL','Trắng, Xanh, Đỏ, Hồng','Sản phẩm hoàn thiện cao'),(550,'Cặp Trang Phục Nam Nữ Peru','doi8.jpg',500000,4,5,'Còn Hàng','Sản phẩm hoàn thiện cao','S, L, XXL','Trắng, Xanh, Đỏ','Sản phẩm hoàn thiện cao'),(551,'Cặp Áo Thun Xanh Colton','doi9.jpg',430000,6,5,'Còn Hàng','Sản phẩm hoàn thiện cao','S, M, L, XL','Trắng, Xanh, Đỏ, Hồng','Sản phẩm hoàn thiện cao'),(552,'Đồ Lót Nữ W01','lot1.jpg',400000,26,10,'Còn Hàng','Sản phẩm hoàn thiện cao','S, M, XL','Trắng, Xanh, Đỏ, Hồng','Sản phẩm hoàn thiện cao'),(553,'Đồ Lót Nữ W02','lot2.jpg',370000,26,10,'Còn Hàng','Sản phẩm hoàn thiện cao','S, L, XXL','Trắng, Xanh, Đỏ','Sản phẩm hoàn thiện cao'),(554,'Đồ Lót Nam M03','lot3.jpg',230000,26,10,'Còn Hàng','Sản phẩm hoàn thiện cao','S, L, XL','Trắng, Xanh, Đỏ, Hồng','Sản phẩm hoàn thiện cao'),(555,'Đồ Lót Nam M04','lot4.jpg',350000,26,10,'Còn Hàng','Sản phẩm hoàn thiện cao','S, L, XXL','Trắng, Xanh, Đỏ','Sản phẩm hoàn thiện cao'),(556,'Đồ Lót Nam M05','lot5.jpg',270000,26,10,'Còn Hàng','Sản phẩm hoàn thiện cao','S, M, XL','Trắng, Xanh, Đỏ, Hồng','Sản phẩm hoàn thiện cao'),(557,'Đồ Lót Nam M06','lot6.jpg',350000,26,10,'Còn Hàng','Sản phẩm hoàn thiện cao','S, L, XXL','Trắng, Xanh, Đỏ','Sản phẩm hoàn thiện cao'),(558,'Đồ Lót Nam M07','lot7.jpg',430000,26,10,'Còn Hàng','Sản phẩm hoàn thiện cao','S, M, L, XL','Trắng, Xanh, Đỏ, Hồng','Sản phẩm hoàn thiện cao'),(559,'Đồ Lót Nam M08','lot8.jpg',500000,26,10,'Còn Hàng','Sản phẩm hoàn thiện cao','S, L, XXL','Trắng, Xanh, Đỏ','Sản phẩm hoàn thiện cao'),(560,'Đồ Lót Nam M09','lot9.jpg',430000,26,10,'Còn Hàng','Sản phẩm hoàn thiện cao','S, M, L, XL','Trắng, Xanh, Đỏ, Hồng','Sản phẩm hoàn thiện cao'),(561,'Đồ Lót Nam M10','lot10.jpg',400000,26,10,'Còn Hàng','Sản phẩm hoàn thiện cao','S, M, XL','Trắng, Xanh, Đỏ, Hồng','Sản phẩm hoàn thiện cao'),(562,'Đồ Lót Nữ W11','lot11.jpg',370000,26,10,'Còn Hàng','Sản phẩm hoàn thiện cao','S, L, XXL','Trắng, Xanh, Đỏ','Sản phẩm hoàn thiện cao'),(563,'Đồ Lót Nữ W12','lot12.jpg',230000,26,10,'Còn Hàng','Sản phẩm hoàn thiện cao','S, L, XL','Trắng, Xanh, Đỏ, Hồng','Sản phẩm hoàn thiện cao'),(564,'Đồ Lót Nữ W13','lot13.jpg',350000,26,10,'Còn Hàng','Sản phẩm hoàn thiện cao','S, L, XXL','Trắng, Xanh, Đỏ','Sản phẩm hoàn thiện cao'),(565,'Đồ Lót Nữ W14','lot14.jpg',270000,26,10,'Còn Hàng','Sản phẩm hoàn thiện cao','S, M, XL','Trắng, Xanh, Đỏ, Hồng','Sản phẩm hoàn thiện cao'),(566,'Đồ Lót Nam M15','lot15.jpg',350000,26,10,'Còn Hàng','Sản phẩm hoàn thiện cao','S, L, XXL','Trắng, Xanh, Đỏ','Sản phẩm hoàn thiện cao'),(567,'Đồ Lót Nam M16','lot16.jpg',430000,26,10,'Còn Hàng','Sản phẩm hoàn thiện cao','S, M, L, XL','Trắng, Xanh, Đỏ, Hồng','Sản phẩm hoàn thiện cao'),(568,'Đồ Lót Nữ W17','lot17.jpg',500000,26,10,'Còn Hàng','Sản phẩm hoàn thiện cao','S, L, XXL','Trắng, Xanh, Đỏ','Sản phẩm hoàn thiện cao'),(569,'Đồ Lót Nam M18','lot18.jpg',430000,26,10,'Còn Hàng','Sản phẩm hoàn thiện cao','S, M, L, XL','Trắng, Xanh, Đỏ, Hồng','Sản phẩm hoàn thiện cao'),(570,'Đồ Lót Nữ W19','lot19.jpg',400000,26,10,'Còn Hàng','Sản phẩm hoàn thiện cao','S, M, XL','Trắng, Xanh, Đỏ, Hồng','Sản phẩm hoàn thiện cao'),(571,'Đồ Lót Nam M20','lot20.jpg',370000,26,10,'Còn Hàng','Sản phẩm hoàn thiện cao','S, L, XXL','Trắng, Xanh, Đỏ','Sản phẩm hoàn thiện cao'),(572,'Đồ Lót Nam M21','lot21.jpg',230000,26,10,'Còn Hàng','Sản phẩm hoàn thiện cao','S, L, XL','Trắng, Xanh, Đỏ, Hồng','Sản phẩm hoàn thiện cao'),(573,'Đồ Lót Nữ W22','lot22.jpg',350000,26,10,'Còn Hàng','Sản phẩm hoàn thiện cao','S, L, XXL','Trắng, Xanh, Đỏ','Sản phẩm hoàn thiện cao'),(574,'Đồ Lót Nam M23','lot23.jpg',270000,26,10,'Còn Hàng','Sản phẩm hoàn thiện cao','S, M, XL','Trắng, Xanh, Đỏ, Hồng','Sản phẩm hoàn thiện cao'),(575,'Đồ Lót Nữ W24','lot24.jpg',350000,26,10,'Còn Hàng','Sản phẩm hoàn thiện cao','S, L, XXL','Trắng, Xanh, Đỏ','Sản phẩm hoàn thiện cao'),(576,'Đồ Lót Nam M25','lot25.jpg',430000,26,10,'Còn Hàng','Sản phẩm hoàn thiện cao','S, M, L, XL','Trắng, Xanh, Đỏ, Hồng','Sản phẩm hoàn thiện cao'),(577,'Đồ Lót Nữ W26','lot26.jpg',500000,26,10,'Còn Hàng','Sản phẩm hoàn thiện cao','S, L, XXL','Trắng, Xanh, Đỏ','Sản phẩm hoàn thiện cao'),(578,'Đồ Lót Nữ W27','lot27.jpg',430000,26,10,'Còn Hàng','Sản phẩm hoàn thiện cao','S, M, L, XL','Trắng, Xanh, Đỏ, Hồng','Sản phẩm hoàn thiện cao'),(579,'Đồ Lót Nam M28','lot28.jpg',400000,26,10,'Còn Hàng','Sản phẩm hoàn thiện cao','S, M, XL','Trắng, Xanh, Đỏ, Hồng','Sản phẩm hoàn thiện cao'),(580,'Đồ Lót Nữ W29','lot29.jpg',370000,26,10,'Còn Hàng','Sản phẩm hoàn thiện cao','S, L, XXL','Trắng, Xanh, Đỏ','Sản phẩm hoàn thiện cao'),(581,'Đồ Lót Nam M30','lot30.jpg',230000,26,10,'Còn Hàng','Sản phẩm hoàn thiện cao','S, L, XL','Trắng, Xanh, Đỏ, Hồng','Sản phẩm hoàn thiện cao'),(582,'Đồ Lót Nữ W31','lot31.jpg',350000,26,10,'Còn Hàng','Sản phẩm hoàn thiện cao','S, L, XXL','Trắng, Xanh, Đỏ','Sản phẩm hoàn thiện cao'),(583,'Đồ Lót Nam M32','lot32.jpg',270000,26,10,'Còn Hàng','Sản phẩm hoàn thiện cao','S, M, XL','Trắng, Xanh, Đỏ, Hồng','Sản phẩm hoàn thiện cao'),(584,'Đồ Lót Nam M33','lot33.jpg',350000,26,10,'Còn Hàng','Sản phẩm hoàn thiện cao','S, L, XXL','Trắng, Xanh, Đỏ','Sản phẩm hoàn thiện cao'),(585,'Quần Âu Công Sở L31','quan1.jpg',400000,1,7,'Còn Hàng','Sản phẩm hoàn thiện cao','S, M, XL','Trắng, Xanh, Đỏ, Hồng','Sản phẩm hoàn thiện cao'),(586,'Quần Vải VNXK N790','quan2.jpg',370000,1,7,'Còn Hàng','Sản phẩm hoàn thiện cao','S, L, XXL','Trắng, Xanh, Đỏ','Sản phẩm hoàn thiện cao'),(587,'Quần Short Jean Nữ','quan3.jpg',230000,1,7,'Còn Hàng','Sản phẩm hoàn thiện cao','S, M, L, XL','Trắng, Xanh, Đỏ, Hồng','Sản phẩm hoàn thiện cao'),(588,'Quần Vải VNXK N791','quan4.jpg',350000,1,7,'Còn Hàng','Sản phẩm hoàn thiện cao','S, L, XXL','Trắng, Xanh, Đỏ','Sản phẩm hoàn thiện cao'),(589,'Quần Jodan Nam Rêu Xanh','quan5.jpg',270000,2,7,'Còn Hàng','Sản phẩm hoàn thiện cao','S, M, XL','Trắng, Xanh, Đỏ, Hồng','Sản phẩm hoàn thiện cao'),(590,'Quần Vải VNXK N792','quan6.jpg',350000,2,7,'Còn Hàng','Sản phẩm hoàn thiện cao','S, L, XXL','Trắng, Xanh, Đỏ','Sản phẩm hoàn thiện cao'),(591,'Quần Âu Công Sở L32','quan7.jpg',400000,2,7,'Còn Hàng','Sản phẩm hoàn thiện cao','S, M, XL','Trắng, Xanh, Đỏ, Hồng','Sản phẩm hoàn thiện cao'),(592,'Quần Vải VNXK N793','quan8.jpg',370000,2,7,'Còn Hàng','Sản phẩm hoàn thiện cao','S, L, XXL','Trắng, Xanh, Đỏ','Sản phẩm hoàn thiện cao'),(593,'Quần Vải Ống Rộng L12','quan9.jpg',230000,2,7,'Còn Hàng','Sản phẩm hoàn thiện cao','S, M, L, XL','Trắng, Xanh, Đỏ, Hồng','Sản phẩm hoàn thiện cao'),(594,'Quần Jean J30','quan10.jpg',350000,2,7,'Còn Hàng','Sản phẩm hoàn thiện cao','S, L, XXL','Trắng, Xanh, Đỏ','Sản phẩm hoàn thiện cao'),(595,'Quần Jodan Chum Ống','quan11.jpg',400000,3,7,'Còn Hàng','Sản phẩm hoàn thiện cao','S, M, XL','Trắng, Xanh, Đỏ, Hồng','Sản phẩm hoàn thiện cao'),(596,'Quần Ống Rộng L13','quan12.jpg',370000,3,7,'Còn Hàng','Sản phẩm hoàn thiện cao','S, L, XXL','Trắng, Xanh, Đỏ','Sản phẩm hoàn thiện cao'),(597,'Quần Jean J31','quan13.jpg',230000,4,7,'Còn Hàng','Sản phẩm hoàn thiện cao','S, M, L, XL','Trắng, Xanh, Đỏ, Hồng','Sản phẩm hoàn thiện cao'),(598,'Quần Âu Công Sở L33','quan14.jpg',350000,4,7,'Còn Hàng','Sản phẩm hoàn thiện cao','S, L, XXL','Trắng, Xanh, Đỏ','Sản phẩm hoàn thiện cao'),(599,'Quần Bó Sát S80','quan15.jpg',270000,4,7,'Còn Hàng','Sản phẩm hoàn thiện cao','S, M, XL','Trắng, Xanh, Đỏ, Hồng','Sản phẩm hoàn thiện cao'),(600,'Quần Kaki KK0012','quan16.jpg',350000,5,7,'Còn Hàng','Sản phẩm hoàn thiện cao','S, L, XXL','Trắng, Xanh, Đỏ','Sản phẩm hoàn thiện cao'),(601,'Quần Bó Sát S81','quan17.jpg',400000,5,7,'Còn Hàng','Sản phẩm hoàn thiện cao','S, M, XL','Trắng, Xanh, Đỏ, Hồng','Sản phẩm hoàn thiện cao'),(602,'Quần Tây Kẻ Caro','quan18.jpg',370000,5,7,'Còn Hàng','Sản phẩm hoàn thiện cao','S, L, XXL','Trắng, Xanh, Đỏ','Sản phẩm hoàn thiện cao'),(603,'Quần Bó Sát S82','quan19.jpg',230000,5,7,'Còn Hàng','Sản phẩm hoàn thiện cao','S, M, L, XL','Trắng, Xanh, Đỏ, Hồng','Sản phẩm hoàn thiện cao'),(604,'Quần Jean Công Sở J312','quan20.png',350000,6,7,'Còn Hàng','Sản phẩm hoàn thiện cao','S, L, XXL','Trắng, Xanh, Đỏ','Sản phẩm hoàn thiện cao'),(605,'Quẩn Short Ffshion','quan21.jpg',400000,6,7,'Còn Hàng','Sản phẩm hoàn thiện cao','S, M, XL','Trắng, Xanh, Đỏ, Hồng','Sản phẩm hoàn thiện cao'),(606,'Quần Kaki KK0013','quan22.jpg',370000,6,7,'Còn Hàng','Sản phẩm hoàn thiện cao','S, L, XXL','Trắng, Xanh, Đỏ','Sản phẩm hoàn thiện cao'),(607,'Quần Ống Sacalo','quan23.jpg',230000,7,7,'Còn Hàng','Sản phẩm hoàn thiện cao','S, M, L, XL','Trắng, Xanh, Đỏ, Hồng','Sản phẩm hoàn thiện cao'),(608,'Quần Vải VNXK N795','quan24.jpg',350000,7,7,'Còn Hàng','Sản phẩm hoàn thiện cao','S, L, XXL','Trắng, Xanh, Đỏ','Sản phẩm hoàn thiện cao'),(609,'Quần Âu Công Sở L34','quan25.jpg',270000,7,7,'Còn Hàng','Sản phẩm hoàn thiện cao','S, M, XL','Trắng, Xanh, Đỏ, Hồng','Sản phẩm hoàn thiện cao'),(610,'Quần Ống Xoè L213','quan26.jpg',350000,8,7,'Còn Hàng','Sản phẩm hoàn thiện cao','S, L, XXL','Trắng, Xanh, Đỏ','Sản phẩm hoàn thiện cao'),(611,'Quần Âu Công Sở L35','quan27.jpg',400000,8,7,'Còn Hàng','Sản phẩm hoàn thiện cao','S, M, XL','Trắng, Xanh, Đỏ, Hồng','Sản phẩm hoàn thiện cao'),(612,'Quần Jean J32','quan28.jpg',370000,8,7,'Còn Hàng','Sản phẩm hoàn thiện cao','S, L, XXL','Trắng, Xanh, Đỏ','Sản phẩm hoàn thiện cao'),(613,'Quần Âu Công Sở L36','quan29.jpg',230000,9,7,'Còn Hàng','Sản phẩm hoàn thiện cao','S, M, L, XL','Trắng, Xanh, Đỏ, Hồng','Sản phẩm hoàn thiện cao'),(614,'Quần Bó Kẻ Caro','quan30.jpg',350000,9,7,'Còn Hàng','Sản phẩm hoàn thiện cao','S, L, XXL','Trắng, Xanh, Đỏ','Sản phẩm hoàn thiện cao'),(615,'Quần Nỉ Thể Thao','quan31.jpg',400000,10,7,'Còn Hàng','Sản phẩm hoàn thiện cao','S, M, XL','Trắng, Xanh, Đỏ, Hồng','Sản phẩm hoàn thiện cao'),(616,'Quần Nghệ Sỹ H21','quan32.jpg',370000,10,7,'Còn Hàng','Sản phẩm hoàn thiện cao','S, L, XXL','Trắng, Xanh, Đỏ','Sản phẩm hoàn thiện cao'),(617,'Quần Jean J34','quan33.jpg',230000,11,7,'Còn Hàng','Sản phẩm hoàn thiện cao','S, M, L, XL','Trắng, Xanh, Đỏ, Hồng','Sản phẩm hoàn thiện cao'),(618,'Quần Nghệ Sỹ H22','quan34.jpg',350000,11,7,'Còn Hàng','Sản phẩm hoàn thiện cao','S, L, XXL','Trắng, Xanh, Đỏ','Sản phẩm hoàn thiện cao'),(619,'Quần Ống Rộng L14','quan35.jpg',270000,12,7,'Còn Hàng','Sản phẩm hoàn thiện cao','S, M, XL','Trắng, Xanh, Đỏ, Hồng','Sản phẩm hoàn thiện cao'),(620,'Quần Kaki KK0012','quan36.jpg',350000,12,7,'Còn Hàng','Sản phẩm hoàn thiện cao','S, L, XXL','Trắng, Xanh, Đỏ','Sản phẩm hoàn thiện cao'),(621,'Quần Fshion Cá Tính','quan37.jpg',400000,13,7,'Còn Hàng','Sản phẩm hoàn thiện cao','S, M, XL','Trắng, Xanh, Đỏ, Hồng','Sản phẩm hoàn thiện cao'),(622,'Quần Âu Công Sở L37','quan38.jpg',370000,13,7,'Còn Hàng','Sản phẩm hoàn thiện cao','S, L, XXL','Trắng, Xanh, Đỏ','Sản phẩm hoàn thiện cao'),(623,'Quần Bồi Bàn T32','quan39.jpg',230000,14,7,'Còn Hàng','Sản phẩm hoàn thiện cao','S, M, L, XL','Trắng, Xanh, Đỏ, Hồng','Sản phẩm hoàn thiện cao'),(624,'Quần Âu Công Sở L38','quan40.jpg',350000,14,7,'Còn Hàng','Sản phẩm hoàn thiện cao','S, L, XXL','Trắng, Xanh, Đỏ','Sản phẩm hoàn thiện cao'),(625,'Quần Kaki KK0016','quan41.jpg',400000,15,7,'Còn Hàng','Sản phẩm hoàn thiện cao','S, M, XL','Trắng, Xanh, Đỏ, Hồng','Sản phẩm hoàn thiện cao'),(626,'Quần Ống Rộng L15','quan42.jpg',370000,15,7,'Còn Hàng','Sản phẩm hoàn thiện cao','S, L, XXL','Trắng, Xanh, Đỏ','Sản phẩm hoàn thiện cao'),(627,'Quần Kaki KK0014','quan43.jpg',230000,16,7,'Còn Hàng','Sản phẩm hoàn thiện cao','S, M, L, XL','Trắng, Xanh, Đỏ, Hồng','Sản phẩm hoàn thiện cao'),(628,'Quần Kaki KK0015','quan44.jpeg',350000,16,7,'Còn Hàng','Sản phẩm hoàn thiện cao','S, L, XXL','Trắng, Xanh, Đỏ','Sản phẩm hoàn thiện cao'),(629,'Quần Kaki KK0016','quan45.jpeg',270000,17,7,'Còn Hàng','Sản phẩm hoàn thiện cao','S, M, XL','Trắng, Xanh, Đỏ, Hồng','Sản phẩm hoàn thiện cao'),(630,'Quần Kaki KK0019','quan46.jpeg',350000,17,7,'Còn Hàng','Sản phẩm hoàn thiện cao','S, L, XXL','Trắng, Xanh, Đỏ','Sản phẩm hoàn thiện cao'),(631,'Quần Bó Sát S84','quan47.jpg',400000,18,7,'Còn Hàng','Sản phẩm hoàn thiện cao','S, M, XL','Trắng, Xanh, Đỏ, Hồng','Sản phẩm hoàn thiện cao'),(632,'Quần Thô Kiac','quan48.jpg',370000,18,7,'Còn Hàng','Sản phẩm hoàn thiện cao','S, L, XXL','Trắng, Xanh, Đỏ','Sản phẩm hoàn thiện cao'),(633,'Quần Ống Xoè L12','quan49.jpg',230000,19,7,'Còn Hàng','Sản phẩm hoàn thiện cao','S, M, L, XL','Trắng, Xanh, Đỏ, Hồng','Sản phẩm hoàn thiện cao'),(634,'Quần Âu Công Sở L39','quan50.jpg',350000,19,7,'Còn Hàng','Sản phẩm hoàn thiện cao','S, L, XXL','Trắng, Xanh, Đỏ','Sản phẩm hoàn thiện cao'),(635,'Quần Jodan Bó Ống Chân','quan51.jpg',400000,20,7,'Còn Hàng','Sản phẩm hoàn thiện cao','S, M, XL','Trắng, Xanh, Đỏ, Hồng','Sản phẩm hoàn thiện cao'),(636,'Quần Jean J35','quan52.jpg',370000,21,7,'Còn Hàng','Sản phẩm hoàn thiện cao','S, L, XXL','Trắng, Xanh, Đỏ','Sản phẩm hoàn thiện cao'),(637,'Quần Âu Công Sở L40','quan53.jpg',230000,22,7,'Còn Hàng','Sản phẩm hoàn thiện cao','S, M, L, XL','Trắng, Xanh, Đỏ, Hồng','Sản phẩm hoàn thiện cao'),(638,'Quần Ống Rộng L17','quan54.jpg',350000,21,7,'Còn Hàng','Sản phẩm hoàn thiện cao','S, L, XXL','Trắng, Xanh, Đỏ','Sản phẩm hoàn thiện cao'),(639,'Quần Âu Công Sở L44','quan55.jpeg',270000,23,7,'Còn Hàng','Sản phẩm hoàn thiện cao','S, M, XL','Trắng, Xanh, Đỏ, Hồng','Sản phẩm hoàn thiện cao'),(640,'Quần Short Dạo Phố','quan56.jpg',350000,24,7,'Còn Hàng','Sản phẩm hoàn thiện cao','S, L, XXL','Trắng, Xanh, Đỏ','Sản phẩm hoàn thiện cao'),(641,'Quần Âu Công Sở L41','quan57.jpg',400000,25,7,'Còn Hàng','Sản phẩm hoàn thiện cao','S, M, XL','Trắng, Xanh, Đỏ, Hồng','Sản phẩm hoàn thiện cao'),(642,'Quần Vải Bo Ống','quan58.jpg',370000,26,7,'Còn Hàng','Sản phẩm hoàn thiện cao','S, L, XXL','Trắng, Xanh, Đỏ','Sản phẩm hoàn thiện cao'),(643,'Quần Vải Ôm Sát Ngắn','quan59.jpg',230000,27,7,'Còn Hàng','Sản phẩm hoàn thiện cao','S, M, L, XL','Trắng, Xanh, Đỏ, Hồng','Sản phẩm hoàn thiện cao'),(644,'Mũ Lưỡi Trai Kiac','pkk1.jpg',400000,11,15,'Còn Hàng','Sản phẩm hoàn thiện cao','S, M, XL','Trắng, Xanh, Đỏ, Hồng','Sản phẩm hoàn thiện cao'),(645,'Mũ Rơm M02','pkk2.jpg',370000,12,15,'Còn Hàng','Sản phẩm hoàn thiện cao','S, L, XXL','Trắng, Xanh, Đỏ','Sản phẩm hoàn thiện cao'),(646,'Mũ Rơm M03','pkk3.jpg',230000,23,15,'Còn Hàng','Sản phẩm hoàn thiện cao','S, M, L, XL','Trắng, Xanh, Đỏ, Hồng','Sản phẩm hoàn thiện cao'),(647,'Mũ Rơm M04','pkk4.jpg',350000,23,15,'Còn Hàng','Sản phẩm hoàn thiện cao','S, L, XXL','Trắng, Xanh, Đỏ','Sản phẩm hoàn thiện cao'),(648,'Mũ Rơm M05','pkk5.jpg',270000,14,15,'Còn Hàng','Sản phẩm hoàn thiện cao','S, M, XL','Trắng, Xanh, Đỏ, Hồng','Sản phẩm hoàn thiện cao'),(649,'Mũ Rơm M06','pkk6.jpg',350000,21,15,'Còn Hàng','Sản phẩm hoàn thiện cao','S, L, XXL','Trắng, Xanh, Đỏ','Sản phẩm hoàn thiện cao'),(650,'Mũ Rơm M07','pkk7.jpg',400000,20,15,'Còn Hàng','Sản phẩm hoàn thiện cao','S, M, XL','Trắng, Xanh, Đỏ, Hồng','Sản phẩm hoàn thiện cao'),(651,'Mũ Rơm M08','pkk8.jpg',370000,20,15,'Còn Hàng','Sản phẩm hoàn thiện cao','S, L, XXL','Trắng, Xanh, Đỏ','Sản phẩm hoàn thiện cao'),(652,'Mũ Rơm M09','pkk9.jpg',370000,26,15,'Còn Hàng','Sản phẩm hoàn thiện cao','S, L, XXL','Trắng, Xanh, Đỏ','Sản phẩm hoàn thiện cao'),(653,'Mũ Lưỡi Trai Kidia','pkk10.jpg',230000,27,15,'Còn Hàng','Sản phẩm hoàn thiện cao','S, M, L, XL','Trắng, Xanh, Đỏ, Hồng','Sản phẩm hoàn thiện cao'),(654,'Mũ Rơm M11','pkk11.jpg',400000,14,15,'Còn Hàng','Sản phẩm hoàn thiện cao','S, M, XL','Trắng, Xanh, Đỏ, Hồng','Sản phẩm hoàn thiện cao'),(655,'Mũ Rơm M12','pkk12.jpg',370000,15,15,'Còn Hàng','Sản phẩm hoàn thiện cao','S, L, XXL','Trắng, Xanh, Đỏ','Sản phẩm hoàn thiện cao'),(656,'Mũ Rơm M13','pkk13.jpg',230000,22,15,'Còn Hàng','Sản phẩm hoàn thiện cao','S, M, L, XL','Trắng, Xanh, Đỏ, Hồng','Sản phẩm hoàn thiện cao'),(657,'Mũ Rơm M14','pkk14.jpg',350000,12,15,'Còn Hàng','Sản phẩm hoàn thiện cao','S, L, XXL','Trắng, Xanh, Đỏ','Sản phẩm hoàn thiện cao'),(658,'Mũ Rơm M15','pkk15.jpg',270000,19,15,'Còn Hàng','Sản phẩm hoàn thiện cao','S, M, XL','Trắng, Xanh, Đỏ, Hồng','Sản phẩm hoàn thiện cao'),(659,'Kính Dâm K1116','pkk16.jpg',350000,20,15,'Còn Hàng','Sản phẩm hoàn thiện cao','S, L, XXL','Trắng, Xanh, Đỏ','Sản phẩm hoàn thiện cao'),(660,'Kính Dâm K1117','pkk17.jpg',400000,18,15,'Còn Hàng','Sản phẩm hoàn thiện cao','S, M, XL','Trắng, Xanh, Đỏ, Hồng','Sản phẩm hoàn thiện cao'),(661,'Kính Dâm K1118','pkk18.jpg',370000,17,15,'Còn Hàng','Sản phẩm hoàn thiện cao','S, L, XXL','Trắng, Xanh, Đỏ','Sản phẩm hoàn thiện cao'),(662,'Kính Dâm K1119','pkk19.jpg',370000,25,15,'Còn Hàng','Sản phẩm hoàn thiện cao','S, L, XXL','Trắng, Xanh, Đỏ','Sản phẩm hoàn thiện cao'),(663,'Kính Dâm K1120','pkk20.jpg',230000,24,15,'Còn Hàng','Sản phẩm hoàn thiện cao','S, M, L, XL','Trắng, Xanh, Đỏ, Hồng','Sản phẩm hoàn thiện cao'),(664,'Kính Dâm K1121','pkk21.jpg',400000,17,15,'Còn Hàng','Sản phẩm hoàn thiện cao','S, M, XL','Trắng, Xanh, Đỏ, Hồng','Sản phẩm hoàn thiện cao'),(665,'Kính Dâm K1122','pkk22.jpg',370000,12,15,'Còn Hàng','Sản phẩm hoàn thiện cao','S, L, XXL','Trắng, Xanh, Đỏ','Sản phẩm hoàn thiện cao'),(666,'Kính Dâm K1123','pkk23.jpg',230000,25,15,'Còn Hàng','Sản phẩm hoàn thiện cao','S, M, L, XL','Trắng, Xanh, Đỏ, Hồng','Sản phẩm hoàn thiện cao'),(667,'Kính Dâm K1124','pkk24.jpg',350000,23,15,'Còn Hàng','Sản phẩm hoàn thiện cao','S, L, XXL','Trắng, Xanh, Đỏ','Sản phẩm hoàn thiện cao'),(668,'Kính Dâm K1125','pkk25.jpg',270000,20,15,'Còn Hàng','Sản phẩm hoàn thiện cao','S, M, XL','Trắng, Xanh, Đỏ, Hồng','Sản phẩm hoàn thiện cao'),(669,'Kính Dâm K1126','pkk26.jpg',350000,24,15,'Còn Hàng','Sản phẩm hoàn thiện cao','S, L, XXL','Trắng, Xanh, Đỏ','Sản phẩm hoàn thiện cao'),(670,'Kính Dâm K1127','pkk27.jpeg',400000,17,15,'Còn Hàng','Sản phẩm hoàn thiện cao','S, M, XL','Trắng, Xanh, Đỏ, Hồng','Sản phẩm hoàn thiện cao'),(671,'Kính Dâm K1128','pkk28.jpg',370000,19,15,'Còn Hàng','Sản phẩm hoàn thiện cao','S, L, XXL','Trắng, Xanh, Đỏ','Sản phẩm hoàn thiện cao'),(672,'Thắt Lưng Nữ TL001','ppk1.jpeg',400000,4,15,'Còn Hàng','Sản phẩm hoàn thiện cao','S, M, XL','Trắng, Xanh, Đỏ, Hồng','Sản phẩm hoàn thiện cao'),(673,'Thắt Lưng Nam TL002','ppk2.jpg',370000,6,15,'Còn Hàng','Sản phẩm hoàn thiện cao','S, L, XXL','Trắng, Xanh, Đỏ','Sản phẩm hoàn thiện cao'),(674,'Thắt Lưng Nam TL003','ppk3.jpg',230000,5,15,'Còn Hàng','Sản phẩm hoàn thiện cao','S, M, L, XL','Trắng, Xanh, Đỏ, Hồng','Sản phẩm hoàn thiện cao'),(675,'Thắt Lưng Nam TL004','ppk4.jpg',350000,3,15,'Còn Hàng','Sản phẩm hoàn thiện cao','S, L, XXL','Trắng, Xanh, Đỏ','Sản phẩm hoàn thiện cao'),(676,'Thắt Lưng Nam TL005','ppk5.jpg',270000,2,15,'Còn Hàng','Sản phẩm hoàn thiện cao','S, M, XL','Trắng, Xanh, Đỏ, Hồng','Sản phẩm hoàn thiện cao'),(677,'Thắt Lưng Nữ TL006','ppk6.jpg',350000,2,15,'Còn Hàng','Sản phẩm hoàn thiện cao','S, L, XXL','Trắng, Xanh, Đỏ','Sản phẩm hoàn thiện cao'),(678,'Thắt Lưng Nữ TL007','ppk7.jpg',400000,1,15,'Còn Hàng','Sản phẩm hoàn thiện cao','S, M, XL','Trắng, Xanh, Đỏ, Hồng','Sản phẩm hoàn thiện cao'),(679,'Thắt Lưng Nam TL008','ppk8.jpg',400000,7,15,'Còn Hàng','Sản phẩm hoàn thiện cao','S, M, XL','Trắng, Xanh, Đỏ, Hồng','Sản phẩm hoàn thiện cao'),(680,'Thắt Lưng Nam TL009','ppk9.jpg',370000,9,15,'Còn Hàng','Sản phẩm hoàn thiện cao','S, L, XXL','Trắng, Xanh, Đỏ','Sản phẩm hoàn thiện cao'),(681,'Thắt Lưng Nam TL010','ppk10.jpg',400000,7,15,'Còn Hàng','Sản phẩm hoàn thiện cao','S, M, XL','Trắng, Xanh, Đỏ, Hồng','Sản phẩm hoàn thiện cao'),(682,'Thắt Lưng Nam TL011','ppk11.jpg',370000,8,15,'Còn Hàng','Sản phẩm hoàn thiện cao','S, L, XXL','Trắng, Xanh, Đỏ','Sản phẩm hoàn thiện cao'),(683,'Thắt Lưng Nam TL012','ppk12.jpg',230000,9,15,'Còn Hàng','Sản phẩm hoàn thiện cao','S, M, L, XL','Trắng, Xanh, Đỏ, Hồng','Sản phẩm hoàn thiện cao'),(684,'Thắt Lưng Nam TL013','ppk13.jpg',350000,11,15,'Còn Hàng','Sản phẩm hoàn thiện cao','S, L, XXL','Trắng, Xanh, Đỏ','Sản phẩm hoàn thiện cao'),(685,'Thắt Lưng Nam TL014','ppk14.jpg',270000,11,15,'Còn Hàng','Sản phẩm hoàn thiện cao','S, M, XL','Trắng, Xanh, Đỏ, Hồng','Sản phẩm hoàn thiện cao'),(686,'Thắt Lưng Nam TL015','ppk15.jpg',350000,14,15,'Còn Hàng','Sản phẩm hoàn thiện cao','S, L, XXL','Trắng, Xanh, Đỏ','Sản phẩm hoàn thiện cao'),(687,'Thắt Lưng Nam TL016','ppk16.jpg',400000,15,15,'Còn Hàng','Sản phẩm hoàn thiện cao','S, M, XL','Trắng, Xanh, Đỏ, Hồng','Sản phẩm hoàn thiện cao'),(688,'Thắt Lưng Nam TL017','ppk17.jpg',400000,16,15,'Còn Hàng','Sản phẩm hoàn thiện cao','S, M, XL','Trắng, Xanh, Đỏ, Hồng','Sản phẩm hoàn thiện cao'),(689,'Thắt Lưng Nam TL018','ppk18.jpg',370000,19,15,'Còn Hàng','Sản phẩm hoàn thiện cao','S, L, XXL','Trắng, Xanh, Đỏ','Sản phẩm hoàn thiện cao'),(690,'Thắt Lưng Nam TL010','ppk10.jpg',400000,7,15,'Còn Hàng','Sản phẩm hoàn thiện cao','S, M, XL','Trắng, Xanh, Đỏ, Hồng','Sản phẩm hoàn thiện cao'),(691,'Thắt Lưng Nam TL011','ppk11.jpg',370000,8,15,'Còn Hàng','Sản phẩm hoàn thiện cao','S, L, XXL','Trắng, Xanh, Đỏ','Sản phẩm hoàn thiện cao'),(692,'Thắt Lưng Nam TL012','ppk12.jpg',230000,9,15,'Còn Hàng','Sản phẩm hoàn thiện cao','S, M, L, XL','Trắng, Xanh, Đỏ, Hồng','Sản phẩm hoàn thiện cao'),(693,'Thắt Lưng Nam TL013','ppk13.jpg',350000,11,15,'Còn Hàng','Sản phẩm hoàn thiện cao','S, L, XXL','Trắng, Xanh, Đỏ','Sản phẩm hoàn thiện cao'),(694,'Thắt Lưng Nam TL014','ppk14.jpg',270000,11,15,'Còn Hàng','Sản phẩm hoàn thiện cao','S, M, XL','Trắng, Xanh, Đỏ, Hồng','Sản phẩm hoàn thiện cao'),(695,'Thắt Lưng Nam TL015','ppk15.jpg',350000,14,15,'Còn Hàng','Sản phẩm hoàn thiện cao','S, L, XXL','Trắng, Xanh, Đỏ','Sản phẩm hoàn thiện cao'),(696,'Thắt Lưng Nam TL016','ppk16.jpg',400000,15,15,'Còn Hàng','Sản phẩm hoàn thiện cao','S, M, XL','Trắng, Xanh, Đỏ, Hồng','Sản phẩm hoàn thiện cao'),(697,'Thắt Lưng Nam TL017','ppk17.jpg',400000,16,15,'Còn Hàng','Sản phẩm hoàn thiện cao','S, M, XL','Trắng, Xanh, Đỏ, Hồng','Sản phẩm hoàn thiện cao'),(698,'Thắt Lưng Nam TL018','ppk18.jpg',370000,19,15,'Còn Hàng','Sản phẩm hoàn thiện cao','S, L, XXL','Trắng, Xanh, Đỏ','Sản phẩm hoàn thiện cao');
/*!40000 ALTER TABLE `Product` ENABLE KEYS */;
UNLOCK TABLES;

--
-- Table structure for table `Review`
--

DROP TABLE IF EXISTS `Review`;
/*!40101 SET @saved_cs_client     = @@character_set_client */;
/*!40101 SET character_set_client = utf8 */;
CREATE TABLE `Review` (
  `user_id` int(11) NOT NULL,
  `product_id` int(11) NOT NULL,
  `comment` varchar(255) NOT NULL,
  `rate_star` int(11) NOT NULL,
  `comment_image_url` varchar(255) NOT NULL
) ENGINE=InnoDB DEFAULT CHARSET=utf8;
/*!40101 SET character_set_client = @saved_cs_client */;

--
-- Dumping data for table `Review`
--

LOCK TABLES `Review` WRITE;
/*!40000 ALTER TABLE `Review` DISABLE KEYS */;
/*!40000 ALTER TABLE `Review` ENABLE KEYS */;
UNLOCK TABLES;

--
-- Table structure for table `User`
--

DROP TABLE IF EXISTS `User`;
/*!40101 SET @saved_cs_client     = @@character_set_client */;
/*!40101 SET character_set_client = utf8 */;
CREATE TABLE `User` (
  `user_id` int(11) NOT NULL AUTO_INCREMENT,
  `username` varchar(255) NOT NULL,
  `password` varchar(255) NOT NULL,
  `full_name` varchar(255) NOT NULL,
  `phone_number` varchar(255) NOT NULL,
  `province_id` int(11) NOT NULL,
  `district_id` int(11) NOT NULL,
  PRIMARY KEY (`user_id`)
) ENGINE=InnoDB AUTO_INCREMENT=2 DEFAULT CHARSET=utf8;
/*!40101 SET character_set_client = @saved_cs_client */;

--
-- Dumping data for table `User`
--

LOCK TABLES `User` WRITE;
/*!40000 ALTER TABLE `User` DISABLE KEYS */;
INSERT INTO `User` VALUES (1,'luongviettuan','123456a@','Lường Viết Tuấn','0339196335',234,2181);
/*!40000 ALTER TABLE `User` ENABLE KEYS */;
UNLOCK TABLES;
/*!40103 SET TIME_ZONE=@OLD_TIME_ZONE */;

/*!40101 SET SQL_MODE=@OLD_SQL_MODE */;
/*!40014 SET FOREIGN_KEY_CHECKS=@OLD_FOREIGN_KEY_CHECKS */;
/*!40014 SET UNIQUE_CHECKS=@OLD_UNIQUE_CHECKS */;
/*!40101 SET CHARACTER_SET_CLIENT=@OLD_CHARACTER_SET_CLIENT */;
/*!40101 SET CHARACTER_SET_RESULTS=@OLD_CHARACTER_SET_RESULTS */;
/*!40101 SET COLLATION_CONNECTION=@OLD_COLLATION_CONNECTION */;
/*!40111 SET SQL_NOTES=@OLD_SQL_NOTES */;

-- Dump completed on 2019-08-25 23:42:19
